外シャント血栓除去術,Surgery_Type
腋臭症手術（皮弁法）,Surgery_Type
動脈（皮）弁術,Surgery_Type
筋（皮）弁術,Surgery_Type
複合組織移植術,Surgery_Type
筋膜切離術,Surgery_Type
筋膜切開術,Surgery_Type
筋切離術,Surgery_Type
股関節内転筋切離術,Surgery_Type
股関節筋群解離術,Surgery_Type
筋炎手術（腸腰筋）,Surgery_Type
筋炎手術（殿筋）,Surgery_Type
筋炎手術（大腿筋）,Surgery_Type
筋肉内異物摘出術,Surgery_Type
腱縫合術（指）,Surgery_Type
筋膜移植術（指）,Surgery_Type
腱延長術（指）,Surgery_Type
腱移行術（その他）,Surgery_Type
骨穿孔術,Surgery_Type
骨掻爬術（肩甲骨）,Surgery_Type
骨掻爬術（上腕）,Surgery_Type
骨掻爬術（大腿）,Surgery_Type
骨掻爬術（前腕）,Surgery_Type
骨掻爬術（下腿）,Surgery_Type
骨掻爬術（鎖骨）,Surgery_Type
骨掻爬術（膝蓋骨）,Surgery_Type
骨掻爬術（手）,Surgery_Type
骨掻爬術（足その他）,Surgery_Type
骨折観血的手術（足）,Surgery_Type
骨部分切除術（上腕）,Surgery_Type
骨部分切除術（大腿）,Surgery_Type
骨部分切除術（前腕）,Surgery_Type
骨部分切除術（下腿）,Surgery_Type
骨部分切除術（鎖骨）,Surgery_Type
骨部分切除術（手）,Surgery_Type
骨部分切除術（足）,Surgery_Type
腐骨摘出術（肩甲骨）,Surgery_Type
腐骨摘出術（上腕）,Surgery_Type
腐骨摘出術（大腿）,Surgery_Type
腐骨摘出術（前腕）,Surgery_Type
腐骨摘出術（下腿）,Surgery_Type
腐骨摘出術（鎖骨）,Surgery_Type
腐骨摘出術（膝蓋骨）,Surgery_Type
腐骨摘出術（手）,Surgery_Type
骨全摘術（肩甲骨）,Surgery_Type
骨全摘術（上腕）,Surgery_Type
骨全摘術（大腿）,Surgery_Type
骨全摘術（前腕）,Surgery_Type
骨全摘術（下腿）,Surgery_Type
骨全摘術（鎖骨）,Surgery_Type
骨全摘術（膝蓋骨）,Surgery_Type
骨全摘術（手）,Surgery_Type
骨全摘術（足その他）,Surgery_Type
骨腫瘍切除術（上腕）,Surgery_Type
骨腫瘍切除術（大腿）,Surgery_Type
骨腫瘍切除術（前腕）,Surgery_Type
骨腫瘍切除術（下腿）,Surgery_Type
骨腫瘍切除術（鎖骨）,Surgery_Type
骨腫瘍切除術（手）,Surgery_Type
骨腫瘍切除術（足）,Surgery_Type
骨悪性腫瘍手術（手）,Surgery_Type
骨切り術（肩甲骨）,Surgery_Type
骨切り術（上腕）,Surgery_Type
骨切り術（大腿）,Surgery_Type
骨切り術（前腕）,Surgery_Type
骨切り術（下腿）,Surgery_Type
骨切り術（鎖骨）,Surgery_Type
骨切り術（膝蓋骨）,Surgery_Type
骨切り術（手）,Surgery_Type
骨切り術（足）,Surgery_Type
偽関節手術（肩甲骨）,Surgery_Type
偽関節手術（上腕）,Surgery_Type
偽関節手術（大腿）,Surgery_Type
偽関節手術（前腕）,Surgery_Type
偽関節手術（下腿）,Surgery_Type
偽関節手術（鎖骨）,Surgery_Type
偽関節手術（膝蓋骨）,Surgery_Type
偽関節手術（足）,Surgery_Type
関節切開術（肩）,Surgery_Type
関節切開術（股）,Surgery_Type
関節切開術（膝）,Surgery_Type
関節切開術（胸鎖）,Surgery_Type
関節切開術（肘）,Surgery_Type
関節切開術（手）,Surgery_Type
関節切開術（足）,Surgery_Type
関節切開術（肩鎖）,Surgery_Type
関節切開術（指）,Surgery_Type
関節滑膜切除術（肩）,Surgery_Type
関節滑膜切除術（股）,Surgery_Type
関節滑膜切除術（膝）,Surgery_Type
関節滑膜切除術（肘）,Surgery_Type
関節滑膜切除術（手）,Surgery_Type
関節滑膜切除術（足）,Surgery_Type
関節滑膜切除術（指）,Surgery_Type
膝蓋骨滑液嚢切除術,Surgery_Type
滑液膜摘出術（肩）,Surgery_Type
滑液膜摘出術（股）,Surgery_Type
滑液膜摘出術（膝）,Surgery_Type
滑液膜摘出術（胸鎖）,Surgery_Type
滑液膜摘出術（肘）,Surgery_Type
滑液膜摘出術（手）,Surgery_Type
滑液膜摘出術（足）,Surgery_Type
滑液膜摘出術（肩鎖）,Surgery_Type
滑液膜摘出術（指）,Surgery_Type
掌指関節滑膜切除術,Surgery_Type
関節鼠摘出手術（肩）,Surgery_Type
関節鼠摘出手術（股）,Surgery_Type
関節鼠摘出手術（膝）,Surgery_Type
関節鼠摘出手術（肘）,Surgery_Type
関節鼠摘出手術（手）,Surgery_Type
関節鼠摘出手術（足）,Surgery_Type
関節鼠摘出手術（指）,Surgery_Type
半月板切除術,Surgery_Type
関節切除術（肩）,Surgery_Type
関節切除術（股）,Surgery_Type
関節切除術（膝）,Surgery_Type
関節切除術（胸鎖）,Surgery_Type
関節切除術（肘）,Surgery_Type
関節切除術（手）,Surgery_Type
関節切除術（足）,Surgery_Type
関節切除術（肩鎖）,Surgery_Type
関節切除術（指）,Surgery_Type
靱帯断裂縫合術（指）,Surgery_Type
関節形成手術（肩）,Surgery_Type
関節形成手術（股）,Surgery_Type
関節形成手術（膝）,Surgery_Type
関節形成手術（胸鎖）,Surgery_Type
関節形成手術（肘）,Surgery_Type
関節形成手術（手）,Surgery_Type
関節形成手術（足）,Surgery_Type
関節形成手術（肩鎖）,Surgery_Type
関節形成手術（指）,Surgery_Type
内反足手術,Surgery_Type
人工骨頭挿入術（肩）,Surgery_Type
人工骨頭挿入術（股）,Surgery_Type
人工骨頭挿入術（肘）,Surgery_Type
人工骨頭挿入術（手）,Surgery_Type
人工骨頭挿入術（足）,Surgery_Type
人工骨頭挿入術（指）,Surgery_Type
人工関節置換術（肩）,Surgery_Type
人工関節置換術（股）,Surgery_Type
人工関節置換術（膝）,Surgery_Type
人工関節置換術（肘）,Surgery_Type
人工関節置換術（手）,Surgery_Type
人工関節置換術（足）,Surgery_Type
人工関節置換術（指）,Surgery_Type
四肢切断術（上腕）,Surgery_Type
四肢切断術（前腕）,Surgery_Type
四肢切断術（手）,Surgery_Type
四肢切断術（大腿）,Surgery_Type
四肢切断術（下腿）,Surgery_Type
四肢切断術（足）,Surgery_Type
四肢切断術（指）,Surgery_Type
肩甲帯離断術,Surgery_Type
四肢関節離断術（肩）,Surgery_Type
四肢関節離断術（股）,Surgery_Type
四肢関節離断術（膝）,Surgery_Type
四肢関節離断術（肘）,Surgery_Type
四肢関節離断術（手）,Surgery_Type
四肢関節離断術（足）,Surgery_Type
四肢関節離断術（指）,Surgery_Type
爪甲除去術,Surgery_Type
風棘手術,Surgery_Type
陥入爪手術（簡単）,Surgery_Type
舌繋瘢痕性短縮矯正術,Surgery_Type
手根管開放手術,Surgery_Type
手掌異物摘出術,Surgery_Type
足底異物摘出術,Surgery_Type
手掌屈筋腱縫合術,Surgery_Type
指瘢痕拘縮手術,Surgery_Type
裂手手術,Surgery_Type
裂足手術,Surgery_Type
母指化手術,Surgery_Type
指移植手術,Surgery_Type
母指対立再建術,Surgery_Type
第四足指短縮症手術,Surgery_Type
腸骨窩膿瘍切開術,Surgery_Type
腸骨窩膿瘍掻爬術,Surgery_Type
脊椎骨掻爬術,Surgery_Type
骨盤骨掻爬術,Surgery_Type
頸椎非観血的整復術,Surgery_Type
腸骨翼骨折観血的手術,Surgery_Type
黄色靱帯骨化症手術,Surgery_Type
脊椎腫瘍切除術,Surgery_Type
骨盤腫瘍切除術,Surgery_Type
脊椎悪性腫瘍手術,Surgery_Type
骨盤悪性腫瘍手術,Surgery_Type
骨盤切断術,Surgery_Type
脊椎骨切り術,Surgery_Type
骨盤骨切り術,Surgery_Type
臼蓋形成手術,Surgery_Type
仙腸関節固定術,Surgery_Type
穿頭脳室ドレナージ術,Surgery_Type
頭蓋開溝術,Surgery_Type
試験開頭術,Surgery_Type
減圧開頭術（その他）,Surgery_Type
脳膿瘍排膿術,Surgery_Type
耳性頭蓋内合併症手術,Surgery_Type
鼻性頭蓋内合併症手術,Surgery_Type
脳切截術（開頭）,Surgery_Type
視神経管開放術,Surgery_Type
顔面神経管開放術,Surgery_Type
脳神経手術（開頭）,Surgery_Type
頭蓋内微小血管減圧術,Surgery_Type
頭蓋骨腫瘍摘出術,Surgery_Type
頭蓋骨膜下血腫摘出術,Surgery_Type
脳血管塞栓摘出術,Surgery_Type
脳血管血栓摘出術,Surgery_Type
脳内異物摘出術,Surgery_Type
脳膿瘍全摘術,Surgery_Type
頭蓋内腫瘤摘出術,Surgery_Type
脳切除術,Surgery_Type
脳動静脈奇形摘出術,Surgery_Type
脳-脳膜脱手術,Surgery_Type
髄液シャント抜去術,Surgery_Type
髄液漏閉鎖術,Surgery_Type
神経縫合術（その他）,Surgery_Type
脊髄硬膜切開術,Surgery_Type
減圧脊髄切開術,Surgery_Type
脊髄切截術,Surgery_Type
脊髄硬膜内神経切断術,Surgery_Type
脊髄視床路切截術,Surgery_Type
神経剥離術（その他）,Surgery_Type
脊髄血管腫摘出術,Surgery_Type
横隔神経麻痺術,Surgery_Type
眼窩下孔部神経切断術,Surgery_Type
尾動脈腺摘出術,Surgery_Type
ストッフェル手術,Surgery_Type
閉鎖神経切除術,Surgery_Type
神経移行術,Surgery_Type
神経移植術,Surgery_Type
涙点形成術,Surgery_Type
涙嚢切開術,Surgery_Type
涙嚢摘出術,Surgery_Type
涙嚢鼻腔吻合術,Surgery_Type
涙嚢瘻管閉鎖術,Surgery_Type
涙小管形成手術,Surgery_Type
麦粒腫切開術,Surgery_Type
眼瞼膿瘍切開術,Surgery_Type
外眥切開術,Surgery_Type
マイボーム腺切開術,Surgery_Type
兎眼矯正術,Surgery_Type
霰粒腫摘出術,Surgery_Type
眼瞼結膜悪性腫瘍手術,Surgery_Type
眼瞼外反症手術,Surgery_Type
結膜縫合術,Surgery_Type
結膜下異物除去術,Surgery_Type
内眥形成術,Surgery_Type
結膜腫瘍冷凍凝固術,Surgery_Type
結膜肉芽腫摘除術,Surgery_Type
眼窩膿瘍切開術,Surgery_Type
眼窩内容除去術,Surgery_Type
眼窩悪性腫瘍手術,Surgery_Type
眼球内容除去術,Surgery_Type
眼球摘出術,Surgery_Type
斜視手術（前転法）,Surgery_Type
斜視手術（後転法）,Surgery_Type
斜視手術（斜筋手術）,Surgery_Type
義眼台包埋術,Surgery_Type
眼筋移動術,Surgery_Type
顕微鏡下角膜抜糸術,Surgery_Type
角膜潰瘍掻爬術,Surgery_Type
角膜潰瘍焼灼術,Surgery_Type
角膜-強膜異物除去術,Surgery_Type
強角膜瘻孔閉鎖術,Surgery_Type
角膜潰瘍結膜被覆術,Surgery_Type
角膜移植術,Surgery_Type
強膜移植術,Surgery_Type
角膜形成手術,Surgery_Type
虹彩腫瘍切除術,Surgery_Type
毛様体腫瘍切除術,Surgery_Type
虹彩整復-瞳孔形成術,Surgery_Type
虹彩光凝固術,Surgery_Type
毛様体光凝固術,Surgery_Type
毛様体冷凍凝固術,Surgery_Type
隅角光凝固術,Surgery_Type
網膜復位術,Surgery_Type
網膜冷凍凝固術,Surgery_Type
硝子体注入-吸引術,Surgery_Type
硝子体切除術,Surgery_Type
硝子体置換術,Surgery_Type
耳介血腫開窓術,Surgery_Type
先天性耳瘻管摘出術,Surgery_Type
副耳（介）切除術,Surgery_Type
耳茸摘出術,Surgery_Type
外耳道骨腫切除術,Surgery_Type
耳介腫瘍摘出術,Surgery_Type
外耳道腫瘍摘出術,Surgery_Type
耳介悪性腫瘍手術,Surgery_Type
外耳道悪性腫瘍手術,Surgery_Type
耳後瘻孔閉鎖術,Surgery_Type
外耳道形成手術,Surgery_Type
鼓膜切開術,Surgery_Type
鼓室開放術,Surgery_Type
上鼓室開放術,Surgery_Type
上鼓室乳突洞開放術,Surgery_Type
乳突削開術,Surgery_Type
錐体部手術,Surgery_Type
耳管内チューブ挿入術,Surgery_Type
乳突充填術,Surgery_Type
鼓膜穿孔閉鎖術,Surgery_Type
鼓膜鼓室肉芽切除術,Surgery_Type
中耳根治手術,Surgery_Type
鼓膜形成手術,Surgery_Type
アブミ骨摘出術,Surgery_Type
アブミ骨可動化手術,Surgery_Type
内耳開窓術,Surgery_Type
経迷路的内耳道開放術,Surgery_Type
内リンパ嚢開放術,Surgery_Type
迷路摘出術（全摘出）,Surgery_Type
鼻中隔膿瘍切開術,Surgery_Type
鼻中隔血腫切開術,Surgery_Type
鼻腔粘膜焼灼術,Surgery_Type
下甲介粘膜焼灼術,Surgery_Type
鼻骨骨折整復固定術,Surgery_Type
鼻骨脱臼整復術,Surgery_Type
鼻骨骨折徒手整復術,Surgery_Type
鼻骨骨折観血的手術,Surgery_Type
鼻中隔骨折観血的手術,Surgery_Type
上顎洞鼻外手術,Surgery_Type
上顎洞鼻内手術,Surgery_Type
鼻内異物摘出術,Surgery_Type
鼻前庭嚢胞摘出術,Surgery_Type
鼻茸摘出術,Surgery_Type
鼻副鼻腔腫瘍摘出術,Surgery_Type
鼻中隔矯正術,Surgery_Type
前頭洞充填術,Surgery_Type
上顎洞根治手術,Surgery_Type
鼻内上顎洞根治手術,Surgery_Type
鼻内篩骨洞根治手術,Surgery_Type
鼻内蝶形洞根治手術,Surgery_Type
上顎洞篩骨洞根治手術,Surgery_Type
前頭洞篩骨洞根治手術,Surgery_Type
篩骨洞蝶形洞根治手術,Surgery_Type
汎副鼻腔根治手術,Surgery_Type
咽後膿瘍切開術,Surgery_Type
扁桃周囲膿瘍切開術,Surgery_Type
アデノイド切除術,Surgery_Type
咽頭悪性腫瘍手術,Surgery_Type
上咽頭悪性腫瘍手術,Surgery_Type
口蓋扁桃手術（切除）,Surgery_Type
口蓋扁桃手術（摘出）,Surgery_Type
舌扁桃切除術,Surgery_Type
過長茎状突起切除術,Surgery_Type
上咽頭形成手術,Surgery_Type
咽頭瘻閉鎖術,Surgery_Type
咽頭皮膚瘻孔閉鎖術,Surgery_Type
喉頭切開-截開術,Surgery_Type
喉頭膿瘍切開術,Surgery_Type
喉頭浮腫乱切術,Surgery_Type
気管切開術,Surgery_Type
喉頭粘膜下異物挿入術,Surgery_Type
喉頭蓋切除術,Surgery_Type
喉頭蓋嚢腫摘出術,Surgery_Type
気管切開孔閉鎖術,Surgery_Type
気管縫合術,Surgery_Type
喉頭横隔膜切除術,Surgery_Type
気管狭窄症手術,Surgery_Type
気管口狭窄拡大術,Surgery_Type
縦隔気管口形成手術,Surgery_Type
抜歯手術（乳歯）,Surgery_Type
抜歯手術（前歯）,Surgery_Type
抜歯手術（臼歯）,Surgery_Type
抜歯手術（埋伏歯）,Surgery_Type
口腔底膿瘍切開術,Surgery_Type
口腔底腫瘍摘出術,Surgery_Type
口腔底悪性腫瘍手術,Surgery_Type
頬粘膜腫瘍摘出術,Surgery_Type
頬粘膜悪性腫瘍手術,Surgery_Type
舌根甲状腺腫摘出術,Surgery_Type
甲状舌管嚢胞摘出術,Surgery_Type
舌小帯形成手術,Surgery_Type
口唇小帯形成手術,Surgery_Type
口唇悪性腫瘍手術,Surgery_Type
頬悪性腫瘍手術,Surgery_Type
軟口蓋形成手術,Surgery_Type
鼻咽腔閉鎖術,Surgery_Type
頬骨骨折観血的整復術,Surgery_Type
顎関節脱臼観血的手術,Surgery_Type
上顎骨折観血的手術,Surgery_Type
術後性上顎嚢胞摘出術,Surgery_Type
下顎骨部分切除術,Surgery_Type
下顎骨離断術,Surgery_Type
上顎骨切除術,Surgery_Type
上顎骨全摘術,Surgery_Type
上顎骨形成術（単純）,Surgery_Type
顎関節形成術,Surgery_Type
がま腫切開術,Surgery_Type
唾液腺膿瘍切開術,Surgery_Type
唾石摘出術（表在性）,Surgery_Type
唾石摘出術（深在性）,Surgery_Type
がま腫摘出術,Surgery_Type
舌下腺腫瘍摘出術,Surgery_Type
顎下腺腫瘍摘出術,Surgery_Type
顎下腺摘出術,Surgery_Type
顎下腺悪性腫瘍手術,Surgery_Type
唾液腺管形成手術,Surgery_Type
斜角筋切断術,Surgery_Type
頸瘻摘出術,Surgery_Type
頸嚢摘出術,Surgery_Type
頸肋切除術,Surgery_Type
頸部郭清術（片）,Surgery_Type
頸部悪性腫瘍手術,Surgery_Type
筋性斜頸手術,Surgery_Type
乳腺膿瘍切開術,Surgery_Type
乳房切除術,Surgery_Type
乳癌冷凍凝固摘出術,Surgery_Type
胸壁膿瘍切開術,Surgery_Type
肋骨骨髄炎手術,Surgery_Type
胸壁冷膿瘍手術,Surgery_Type
流注膿瘍切開掻爬術,Surgery_Type
肋骨骨折観血的手術,Surgery_Type
胸骨切除術,Surgery_Type
胸壁腫瘍摘出術,Surgery_Type
胸壁瘻手術,Surgery_Type
試験開胸術,Surgery_Type
骨膜外、胸膜外充填術,Surgery_Type
試験的開胸開腹術,Surgery_Type
乳糜胸手術,Surgery_Type
縦隔腫瘍、胸腺摘出術,Surgery_Type
縦隔郭清術,Surgery_Type
肺膿瘍切開排膿術,Surgery_Type
肺切除術（肺葉切除）,Surgery_Type
肺剥皮術,Surgery_Type
気管支瘻閉鎖術,Surgery_Type
肺縫縮術,Surgery_Type
横隔膜縫合術（経胸）,Surgery_Type
横隔膜縫合術（経腹）,Surgery_Type
後胸骨ヘルニア手術,Surgery_Type
心膜縫合術,Surgery_Type
心膜切開術,Surgery_Type
収縮性心膜炎手術,Surgery_Type
肺動脈絞扼術,Surgery_Type
開胸心臓マッサージ,Surgery_Type
ペースメーカー交換術,Surgery_Type
試験開心術,Surgery_Type
心腔内異物除去術,Surgery_Type
心房内血栓除去術,Surgery_Type
心腫瘍摘出術（単独）,Surgery_Type
弁形成術（１弁）,Surgery_Type
弁置換術（１弁）,Surgery_Type
弁置換術（２弁）,Surgery_Type
弁置換術（３弁）,Surgery_Type
三心房心手術,Surgery_Type
心室瘤切除術（単独）,Surgery_Type
大動脈弁上狭窄手術,Surgery_Type
大動脈弁下狭窄切除術,Surgery_Type
肺動脈塞栓除去術,Surgery_Type
右室二腔症手術,Surgery_Type
肺静脈血栓除去術,Surgery_Type
肺静脈形成術,Surgery_Type
冠動脈起始異常症手術,Surgery_Type
自家血管採取料,Surgery_Type
小児自家血管採取料,Surgery_Type
総動脈幹症手術,Surgery_Type
人工心肺（初日）,Surgery_Type
血管露出術,Surgery_Type
血管結紮術（その他）,Surgery_Type
血管縫合術（簡単）,Surgery_Type
内シャント血栓除去術,Surgery_Type
内シャント設置術,Surgery_Type
外シャント設置術,Surgery_Type
四肢の血管吻合術,Surgery_Type
大伏在静脈抜去術,Surgery_Type
胸管内頸静脈吻合術,Surgery_Type
頸動脈球摘出術,Surgery_Type
リンパ管吻合術,Surgery_Type
脾腎静脈吻合術,Surgery_Type
腹壁膿瘍切開術,Surgery_Type
腹壁瘢痕ヘルニア手術,Surgery_Type
半月状線ヘルニア手術,Surgery_Type
白線ヘルニア手術,Surgery_Type
腹直筋離開手術,Surgery_Type
臍ヘルニア手術,Surgery_Type
臍帯ヘルニア手術,Surgery_Type
鼠径ヘルニア手術,Surgery_Type
大腿ヘルニア手術,Surgery_Type
腰ヘルニア手術,Surgery_Type
閉鎖孔ヘルニア手術,Surgery_Type
内ヘルニア手術,Surgery_Type
試験開腹術,Surgery_Type
急性汎発性腹膜炎手術,Surgery_Type
結核性腹膜炎手術,Surgery_Type
大網切除術,Surgery_Type
後腹膜悪性腫瘍手術,Surgery_Type
胃切開術,Surgery_Type
胃捻転症手術,Surgery_Type
内視鏡的消化管止血術,Surgery_Type
胃縮小術,Surgery_Type
十二指腸空腸吻合術,Surgery_Type
噴門形成術,Surgery_Type
胆管切開術,Surgery_Type
胆嚢切開結石摘出術,Surgery_Type
胆嚢摘出術,Surgery_Type
総胆管拡張症手術,Surgery_Type
胆嚢胃（腸）吻合術,Surgery_Type
総胆管胃（腸）吻合術,Surgery_Type
胆嚢外瘻造設術,Surgery_Type
先天性胆道閉鎖症手術,Surgery_Type
内視鏡的胆道拡張術,Surgery_Type
肝縫合術,Surgery_Type
肝膿瘍切開術（開腹）,Surgery_Type
肝膿瘍切開術（開胸）,Surgery_Type
肝嚢胞切開又は縫縮術,Surgery_Type
肝嚢胞、肝膿瘍摘出術,Surgery_Type
膵結石手術（膵切開）,Surgery_Type
膵全摘術,Surgery_Type
膵嚢胞胃（腸）吻合術,Surgery_Type
膵管空腸吻合術,Surgery_Type
膵管外瘻造設術,Surgery_Type
膵管誘導手術,Surgery_Type
膵瘻閉鎖術,Surgery_Type
脾摘出術,Surgery_Type
破裂腸管縫合術,Surgery_Type
腸切開術,Surgery_Type
腸管癒着症手術,Surgery_Type
ピックレル氏手術,Surgery_Type
腸吻合術,Surgery_Type
腸瘻造設術,Surgery_Type
虫垂瘻造設術,Surgery_Type
人工肛門造設術,Surgery_Type
腹壁外腸管前置術,Surgery_Type
腸狭窄部切開縫合術,Surgery_Type
盲腸縫縮術,Surgery_Type
腸回転異常症手術,Surgery_Type
先天性巨大結腸症手術,Surgery_Type
直腸周囲膿瘍切開術,Surgery_Type
直腸狭窄形成手術,Surgery_Type
肛門括約筋切開術,Surgery_Type
肛門部皮膚剥離切除術,Surgery_Type
裂肛根治手術,Surgery_Type
肛門潰瘍根治手術,Surgery_Type
肛門周囲膿瘍切開術,Surgery_Type
痔瘻根治手術（単純）,Surgery_Type
痔瘻根治手術（複雑）,Surgery_Type
高位直腸瘻手術,Surgery_Type
肛門良性腫瘍切除術,Surgery_Type
肛門ポリープ切除術,Surgery_Type
腟ポリープ切除術,Surgery_Type
肛門拡張術（観血的）,Surgery_Type
鎖肛手術（会陰式）,Surgery_Type
鎖肛手術（腹会陰式）,Surgery_Type
鎖肛手術（腹仙骨式）,Surgery_Type
毛巣嚢手術,Surgery_Type
毛巣瘻手術,Surgery_Type
毛巣洞手術,Surgery_Type
副腎摘出術,Surgery_Type
副腎悪性腫瘍手術,Surgery_Type
腎破裂縫合術,Surgery_Type
腎破裂手術,Surgery_Type
腎周囲膿瘍切開術,Surgery_Type
腎切半術,Surgery_Type
癒合腎離断術,Surgery_Type
腎被膜剥離術,Surgery_Type
腎固定術,Surgery_Type
腎切石術,Surgery_Type
経皮的尿路結石除去術,Surgery_Type
経皮的腎盂腫瘍切除術,Surgery_Type
経皮的尿管拡張術,Surgery_Type
腎盂切石術,Surgery_Type
腎部分切除術,Surgery_Type
腎嚢胞切除縮小術,Surgery_Type
腎摘出術,Surgery_Type
腎盂形成手術,Surgery_Type
同種死体腎移植術,Surgery_Type
残存尿管摘出術,Surgery_Type
尿管膀胱吻合術,Surgery_Type
尿管尿管吻合術,Surgery_Type
尿管腸吻合術,Surgery_Type
尿管腸膀胱吻合術,Surgery_Type
尿管皮膚瘻造設術,Surgery_Type
尿管皮膚瘻閉鎖術,Surgery_Type
尿管腟瘻閉鎖術,Surgery_Type
尿管口形成手術,Surgery_Type
膀胱破裂閉鎖術,Surgery_Type
膀胱周囲膿瘍切開術,Surgery_Type
膀胱内凝血除去術,Surgery_Type
膀胱壁切除術,Surgery_Type
膀胱憩室切除術,Surgery_Type
経尿道的電気凝固術,Surgery_Type
膀胱脱手術（その他）,Surgery_Type
尿膜管摘出術,Surgery_Type
膀胱瘻造設術,Surgery_Type
膀胱皮膚瘻閉鎖術,Surgery_Type
膀胱腟瘻閉鎖術,Surgery_Type
膀胱子宮瘻閉鎖術,Surgery_Type
膀胱尿管逆流手術,Surgery_Type
ボアリー氏手術,Surgery_Type
腸管利用膀胱拡大術,Surgery_Type
尿道周囲膿瘍切開術,Surgery_Type
外尿道口切開術,Surgery_Type
外尿道腫瘍切除術,Surgery_Type
尿道下裂形成手術,Surgery_Type
陰茎形成術,Surgery_Type
尿道上裂形成手術,Surgery_Type
尿道狭窄内視鏡手術,Surgery_Type
女子尿道脱手術,Surgery_Type
陰茎全摘術,Surgery_Type
陰茎切断術,Surgery_Type
陰茎様陰核形成手術,Surgery_Type
精巣摘出術,Surgery_Type
精巣上体摘出術,Surgery_Type
精索静脈瘤手術,Surgery_Type
停留精巣固定術,Surgery_Type
精管形成手術,Surgery_Type
前立腺膿瘍切開術,Surgery_Type
前立腺被膜下摘出術,Surgery_Type
前立腺悪性腫瘍手術,Surgery_Type
処女膜切開術,Surgery_Type
処女膜切除術,Surgery_Type
輪状処女膜切除術,Surgery_Type
女子外性器腫瘍摘出術,Surgery_Type
腟絨毛性腫瘍摘出術,Surgery_Type
腟閉鎖術（その他）,Surgery_Type
腟壁腫瘍摘出術,Surgery_Type
腟壁嚢腫切除術,Surgery_Type
腟壁悪性腫瘍手術,Surgery_Type
造腟術（拡張器利用）,Surgery_Type
造腟術（遊離植皮）,Surgery_Type
造腟術（腸管形成）,Surgery_Type
腟壁形成手術,Surgery_Type
子宮内膜掻爬術,Surgery_Type
クレニッヒ手術,Surgery_Type
子宮腟部冷凍凝固術,Surgery_Type
子宮腟上部切断術,Surgery_Type
子宮全摘術,Surgery_Type
広靱帯内腫瘍摘出術,Surgery_Type
子宮悪性腫瘍手術,Surgery_Type
腹壁子宮瘻手術,Surgery_Type
重複子宮手術,Surgery_Type
双角子宮手術,Surgery_Type
子宮頸管形成手術,Surgery_Type
卵管口切開術（開腹）,Surgery_Type
分娩時頸部切開術,Surgery_Type
骨盤位娩出術,Surgery_Type
吸引娩出術,Surgery_Type
中位鉗子娩出術,Surgery_Type
胎児縮小術,Surgery_Type
臍帯還納術,Surgery_Type
脱垂肢整復術,Surgery_Type
子宮双手圧迫術,Surgery_Type
胎盤用手剥離術,Surgery_Type
胎児外回転術,Surgery_Type
胎児内（双合）回転術,Surgery_Type
胞状奇胎除去術,Surgery_Type
交換輸血,Surgery_Type
気管支肺胞洗浄術,Surgery_Type
経皮的僧帽弁拡張術,Surgery_Type
鋼線等による直達牽引,Surgery_Type
体外式脊椎固定術,Surgery_Type
脊髄ドレナージ術,Surgery_Type
網膜光凝固術（通常）,Surgery_Type
骨盤内臓全摘術,Surgery_Type
膀胱腫瘍摘出術,Surgery_Type
汎光凝固術,Surgery_Type
尿管剥離術,Surgery_Type
内反足足板挺子固定,Surgery_Type
坐骨ヘルニア手術,Surgery_Type
会陰ヘルニア手術,Surgery_Type
腋臭症手術（その他）,Surgery_Type
先天性気管狭窄症手術,Surgery_Type
腹腔鏡下胆嚢摘出術,Surgery_Type
内耳窓閉鎖術,Surgery_Type
体外衝撃波胆石破砕術,Surgery_Type
経皮的大動脈弁拡張術,Surgery_Type
経皮的肺動脈弁拡張術,Surgery_Type
骨折観血的手術（指）,Surgery_Type
骨部分切除術（指）,Surgery_Type
骨腫瘍切除術（指）,Surgery_Type
骨切り術（指）,Surgery_Type
偽関節手術（指）,Surgery_Type
半月板縫合術,Surgery_Type
頸部郭清術（両）,Surgery_Type
経皮的腎嚢胞穿刺術,Surgery_Type
精巣悪性腫瘍手術,Surgery_Type
補助人工心臓（初日）,Surgery_Type
人工内耳植込術,Surgery_Type
下顎骨形成術（短縮）,Surgery_Type
下顎骨形成術（伸長）,Surgery_Type
下顎骨形成術（再建）,Surgery_Type
腹腔鏡下脾摘出術,Surgery_Type
筋膜移植術（その他）,Surgery_Type
腱移行術（指）,Surgery_Type
経皮的脳血管形成術,Surgery_Type
神経縫合術（指）,Surgery_Type
神経腫切除術（指）,Surgery_Type
乳管腺葉区域切除術,Surgery_Type
植込型除細動器交換術,Surgery_Type
腹腔鏡下噴門形成術,Surgery_Type
腹腔鏡下肝嚢胞切開術,Surgery_Type
仙尾部奇形腫手術,Surgery_Type
造腟術（筋皮弁移植）,Surgery_Type
腹腔鏡下副腎摘出術,Surgery_Type
弁形成術（２弁）,Surgery_Type
弁形成術（３弁）,Surgery_Type
アキレス腱断裂手術,Surgery_Type
後発白内障手術,Surgery_Type
食道ステント留置術,Surgery_Type
卵管鏡下卵管形成術,Surgery_Type
生体部分肝移植術,Surgery_Type
尿失禁手術（その他）,Surgery_Type
造腟術（腟断端挙上）,Surgery_Type
腱縫合術,Surgery_Type
腱延長術,Surgery_Type
骨切り術（その他）,Surgery_Type
偽関節手術（その他）,Surgery_Type
脳刺激装置交換術,Surgery_Type
眼瞼結膜腫瘍手術,Surgery_Type
結膜腫瘍摘出術,Surgery_Type
黄斑下手術,Surgery_Type
変形外鼻手術,Surgery_Type
陥没乳頭形成術,Surgery_Type
再建乳房乳頭形成術,Surgery_Type
縦隔切開術（経胸腔）,Surgery_Type
リンパ節膿瘍切開術,Surgery_Type
陰茎折症手術,Surgery_Type
縦隔切開術（経食道）,Surgery_Type
縦隔切開術（経腹）,Surgery_Type
涙小管形成術,Surgery_Type
眼窩骨折整復術,Surgery_Type
角膜-強膜縫合術,Surgery_Type
角膜切開術,Surgery_Type
脈絡膜腫瘍切除術,Surgery_Type
頬小帯形成手術,Surgery_Type
胸骨骨折観血手術,Surgery_Type
膵破裂縫合術,Surgery_Type
結腸憩室摘出術,Surgery_Type
頭蓋内電極抜去術,Surgery_Type
胸腔鏡下肺縫縮術,Surgery_Type
脳新生血管造成術,Surgery_Type
腱滑膜切除術,Surgery_Type
人工関節抜去術（肩）,Surgery_Type
人工関節抜去術（股）,Surgery_Type
人工関節抜去術（膝）,Surgery_Type
人工関節抜去術（肘）,Surgery_Type
人工関節抜去術（手）,Surgery_Type
人工関節抜去術（足）,Surgery_Type
人工関節抜去術（指）,Surgery_Type
経皮的中隔心筋焼灼術,Surgery_Type
上腕動脈表在化法,Surgery_Type
大腿骨頭回転骨切り術,Surgery_Type
関節鏡下半月板切除術,Surgery_Type
関節鏡下半月板縫合術,Surgery_Type
内視鏡下椎弓切除術,Surgery_Type
寛骨臼移動術,Surgery_Type
神経交差縫合術（指）,Surgery_Type
胸腔鏡下膿胸腔掻爬術,Surgery_Type
同種死体肺移植術,Surgery_Type
左室形成術（単独）,Surgery_Type
心室憩室切除術,Surgery_Type
心臓脱手術,Surgery_Type
移植用心採取術,Surgery_Type
同種心移植術,Surgery_Type
移植用心肺採取術,Surgery_Type
同種心肺移植術,Surgery_Type
胃局所切除術,Surgery_Type
腹腔鏡下幽門形成術,Surgery_Type
同種死体肝移植術,Surgery_Type
同種死体膵移植術,Surgery_Type
同種死体膵腎移植術,Surgery_Type
腹腔鏡下腎部分切除術,Surgery_Type
腹腔鏡下腎摘出術,Surgery_Type
腹腔鏡下腎盂形成手術,Surgery_Type
外陰-腟血腫除去術,Surgery_Type
脳死臓器提供管理料,Surgery_Type
輸血管理料１,Surgery_Type
輸血管理料２,Surgery_Type
超音波骨折治療法,Surgery_Type
定位的脳内血腫除去術,Surgery_Type
深頸部膿瘍切開術,Surgery_Type
漏斗胸手術（胸腔鏡）,Surgery_Type
生体部分肺移植術,Surgery_Type
痔核手術（ＰＰＨ）,Surgery_Type
生体腎移植術,Surgery_Type
生体臓器提供管理料,Surgery_Type
内視鏡的乳頭拡張術,Surgery_Type
経皮的大動脈形成術,Surgery_Type
経皮的肺動脈形成術,Surgery_Type
肺動脈血栓内膜摘除術,Surgery_Type
経皮的大動脈遮断術,Surgery_Type
膵中央切除術,Surgery_Type
経尿道的尿管瘤切除術,Surgery_Type
膀胱水圧拡張術,Surgery_Type
性腺摘出術（開腹）,Surgery_Type
性腺摘出術（腹腔鏡）,Surgery_Type
体外衝撃波疼痛治療術,Surgery_Type
腫瘍脊椎骨全摘術,Surgery_Type
脊椎制動術,Surgery_Type
経皮的椎体形成術,Surgery_Type
神経剥離術（鏡視下）,Surgery_Type
下顎骨延長術（片側）,Surgery_Type
下顎骨延長術（両側）,Surgery_Type
胸腔鏡下試験開胸術,Surgery_Type
胸腔鏡下試験切除術,Surgery_Type
膿胸腔有茎大網充填術,Surgery_Type
胸腔鏡下縦隔切開術,Surgery_Type
胸腔鏡下心膜開窓術,Surgery_Type
腹腔鏡下試験開腹術,Surgery_Type
腹腔鏡下試験切除術,Surgery_Type
腹腔鏡下胃腸吻合術,Surgery_Type
肝切除術（部分切除）,Surgery_Type
多発性小腸閉鎖症手術,Surgery_Type
腹腔鏡下腸閉鎖症手術,Surgery_Type
腹腔鏡下直腸脱手術,Surgery_Type
腹腔鏡下腎嚢胞切除術,Surgery_Type
腹腔鏡下膀胱内手術,Surgery_Type
腹腔鏡下尿失禁手術,Surgery_Type
腹腔鏡下造腟術,Surgery_Type
腹腔鏡下卵管形成術,Surgery_Type
体外衝撃波膵石破砕術,Surgery_Type
定位脳腫瘍生検術,Surgery_Type
経皮的脳血栓回収術,Surgery_Type
羊膜移植術,Surgery_Type
網膜再建術,Surgery_Type
鼻外前頭洞手術,Surgery_Type
拡大胸腺摘出術,Surgery_Type
気管支瘻孔閉鎖術,Surgery_Type
腹腔鏡下胃捻転症手術,Surgery_Type
胃瘻抜去術,Surgery_Type
腹腔鏡下膀胱脱手術,Surgery_Type
腹腔鏡下尿膜管摘出術,Surgery_Type
気管支熱形成術,Surgery_Type
腓骨筋腱腱鞘形成術,Surgery_Type
寛骨臼骨折観血的手術,Surgery_Type
内視鏡下筋層切開術,Surgery_Type
膵腫瘍摘出術,Surgery_Type
腹腔鏡下仙骨腟固定術,Surgery_Type
人工中耳植込術,Surgery_Type
薬剤投与用胃瘻造設術,Surgery_Type
内視鏡下椎弓形成術,Surgery_Type
歯突起骨折骨接合術,Surgery_Type
腰椎分離部修復術,Surgery_Type
後頭蓋窩減圧術,Surgery_Type
神経再生誘導術（指）,Surgery_Type
硬膜外腔癒着剥離術,Surgery_Type
脊髄刺激装置交換術,Surgery_Type
肺静脈隔離術,Surgery_Type
胃瘻閉鎖術（開腹）,Surgery_Type
胃瘻閉鎖術（内視鏡）,Surgery_Type
腹腔鏡下膵腫瘍摘出術,Surgery_Type
生体部分小腸移植術,Surgery_Type
同種死体小腸移植術,Surgery_Type
腸管延長術,Surgery_Type
直腸瘤手術,Surgery_Type
膀胱皮膚瘻造設術,Surgery_Type
導尿路造設術,Surgery_Type
経尿道的前立腺核出術,Surgery_Type
胃瘻閉鎖術（腹腔鏡）,Surgery_Type
左心耳永久閉鎖術,Surgery_Type
大伏在静脈閉塞術,Surgery_Type
冠動脈内血栓溶解療法,Surgery_Type
静脈瘤切除術（下肢以外）,Surgery_Type
皮膚切開術（長径１０ｃｍ未満）,Surgery_Type
皮膚切開術（長径２０ｃｍ以上）,Surgery_Type
子宮腟部糜爛等子宮腟部乱切除術,Surgery_Type
デブリードマン（１００ｃｍ２未満）,Surgery_Type
デブリードマン（３０００ｃｍ２以上）,Surgery_Type
皮膚悪性腫瘍切除術（広汎切除）,Surgery_Type
皮膚剥削術（２５ｃｍ２未満）,Surgery_Type
瘢痕拘縮形成手術（顔面）,Surgery_Type
瘢痕拘縮形成手術（その他）,Surgery_Type
顔面神経麻痺形成手術（静的）,Surgery_Type
顔面神経麻痺形成手術（動的）,Surgery_Type
分層植皮術（２５ｃｍ２未満）,Surgery_Type
分層植皮術（２００ｃｍ２以上）,Surgery_Type
皮膚移植術（生体・培養）,Surgery_Type
粘膜移植術（４ｃｍ２未満）,Surgery_Type
筋炎手術（その他の筋）,Surgery_Type
腱切離・切除術（関節鏡下）（指）,Surgery_Type
四肢・躯幹軟部腫瘍摘出術（肩）,Surgery_Type
四肢・躯幹軟部腫瘍摘出術（上腕）,Surgery_Type
四肢・躯幹軟部腫瘍摘出術（前腕）,Surgery_Type
四肢・躯幹軟部腫瘍摘出術（大腿）,Surgery_Type
四肢・躯幹軟部腫瘍摘出術（下腿）,Surgery_Type
四肢・躯幹軟部腫瘍摘出術（手）,Surgery_Type
四肢・躯幹軟部腫瘍摘出術（足）,Surgery_Type
四肢・躯幹軟部悪性腫瘍手術（肩）,Surgery_Type
四肢・躯幹軟部悪性腫瘍手術（上腕）,Surgery_Type
四肢・躯幹軟部悪性腫瘍手術（前腕）,Surgery_Type
四肢・躯幹軟部悪性腫瘍手術（大腿）,Surgery_Type
四肢・躯幹軟部悪性腫瘍手術（下腿）,Surgery_Type
四肢・躯幹軟部悪性腫瘍手術（手）,Surgery_Type
四肢・躯幹軟部悪性腫瘍手術（足）,Surgery_Type
腱縫合術（切創等の創傷）,Surgery_Type
腱移植術（人工腱形成術を含む）（その他）,Surgery_Type
骨折非観血的整復術（肩甲骨）,Surgery_Type
骨折非観血的整復術（上腕）,Surgery_Type
骨折非観血的整復術（大腿）,Surgery_Type
骨折非観血的整復術（前腕）,Surgery_Type
骨折非観血的整復術（下腿）,Surgery_Type
骨折非観血的整復術（鎖骨）,Surgery_Type
骨折非観血的整復術（膝蓋骨）,Surgery_Type
骨折非観血的整復術（手）,Surgery_Type
骨折非観血的整復術（足その他）,Surgery_Type
恥骨結合離開非観血的整復固定術,Surgery_Type
骨折経皮的鋼線刺入固定術（肩甲骨）,Surgery_Type
骨折経皮的鋼線刺入固定術（上腕）,Surgery_Type
骨折経皮的鋼線刺入固定術（大腿）,Surgery_Type
骨折経皮的鋼線刺入固定術（前腕）,Surgery_Type
骨折経皮的鋼線刺入固定術（下腿）,Surgery_Type
骨折経皮的鋼線刺入固定術（鎖骨）,Surgery_Type
骨折経皮的鋼線刺入固定術（膝蓋骨）,Surgery_Type
骨折経皮的鋼線刺入固定術（手）,Surgery_Type
骨折経皮的鋼線刺入固定術（足）,Surgery_Type
骨折観血的手術（肩甲骨）,Surgery_Type
骨折観血的手術（上腕）,Surgery_Type
骨折観血的手術（大腿）,Surgery_Type
骨折観血的手術（前腕）,Surgery_Type
骨折観血的手術（下腿）,Surgery_Type
骨折観血的手術（鎖骨）,Surgery_Type
骨折観血的手術（膝蓋骨）,Surgery_Type
骨折観血的手術（手（舟状骨を除く））,Surgery_Type
象皮病根治手術（大腿）,Surgery_Type
象皮病根治手術（下腿）,Surgery_Type
骨内異物（挿入物を含む）除去術（肩甲骨）,Surgery_Type
骨内異物（挿入物を含む）除去術（上腕）,Surgery_Type
骨内異物（挿入物を含む）除去術（大腿）,Surgery_Type
骨内異物（挿入物を含む）除去術（前腕）,Surgery_Type
骨内異物（挿入物を含む）除去術（下腿）,Surgery_Type
骨内異物（挿入物を含む）除去術（鎖骨）,Surgery_Type
骨内異物（挿入物を含む）除去術（膝蓋骨）,Surgery_Type
骨内異物（挿入物を含む）除去術（手）,Surgery_Type
骨内異物（挿入物を含む）除去術（足）,Surgery_Type
骨部分切除術（肩甲骨）,Surgery_Type
骨部分切除術（膝蓋骨）,Surgery_Type
腐骨摘出術（足その他）,Surgery_Type
中手骨摘除術（２本以上）,Surgery_Type
中足骨摘除術（２本以上）,Surgery_Type
骨腫瘍切除術（肩甲骨）,Surgery_Type
骨腫瘍切除術（膝蓋骨）,Surgery_Type
骨悪性腫瘍手術（肩甲骨）,Surgery_Type
骨悪性腫瘍手術（上腕）,Surgery_Type
骨悪性腫瘍手術（大腿）,Surgery_Type
骨悪性腫瘍手術（前腕）,Surgery_Type
骨悪性腫瘍手術（下腿）,Surgery_Type
骨悪性腫瘍手術（鎖骨）,Surgery_Type
骨悪性腫瘍手術（膝蓋骨）,Surgery_Type
骨悪性腫瘍手術（足その他）,Surgery_Type
偽関節手術（手（舟状骨を除く））,Surgery_Type
変形治癒骨折矯正手術（肩甲骨）,Surgery_Type
変形治癒骨折矯正手術（上腕）,Surgery_Type
変形治癒骨折矯正手術（大腿）,Surgery_Type
変形治癒骨折矯正手術（前腕）,Surgery_Type
変形治癒骨折矯正手術（下腿）,Surgery_Type
変形治癒骨折矯正手術（鎖骨）,Surgery_Type
変形治癒骨折矯正手術（膝蓋骨）,Surgery_Type
変形治癒骨折矯正手術（手）,Surgery_Type
変形治癒骨折矯正手術（足）,Surgery_Type
骨長調整手術（骨端軟骨発育抑制術）,Surgery_Type
骨長調整手術（骨短縮術）,Surgery_Type
骨長調整手術（骨延長術）（指以外）,Surgery_Type
関節脱臼非観血的整復術（肩）,Surgery_Type
関節脱臼非観血的整復術（股）,Surgery_Type
関節脱臼非観血的整復術（膝）,Surgery_Type
関節脱臼非観血的整復術（胸鎖）,Surgery_Type
関節脱臼非観血的整復術（肘）,Surgery_Type
関節脱臼非観血的整復術（手）,Surgery_Type
関節脱臼非観血的整復術（足）,Surgery_Type
関節脱臼非観血的整復術（肩鎖）,Surgery_Type
関節脱臼非観血的整復術（指）,Surgery_Type
関節脱臼非観血的整復術（小児肘内障）,Surgery_Type
関節脱臼観血的整復術（肩）,Surgery_Type
関節脱臼観血的整復術（股）,Surgery_Type
関節脱臼観血的整復術（膝）,Surgery_Type
関節脱臼観血的整復術（胸鎖）,Surgery_Type
関節脱臼観血的整復術（肘）,Surgery_Type
関節脱臼観血的整復術（手）,Surgery_Type
関節脱臼観血的整復術（足）,Surgery_Type
関節脱臼観血的整復術（肩鎖）,Surgery_Type
関節脱臼観血的整復術（指）,Surgery_Type
先天性股関節脱臼観血的整復術,Surgery_Type
関節内異物（挿入物を含む）除去術（肩）,Surgery_Type
関節内異物（挿入物を含む）除去術（股）,Surgery_Type
関節内異物（挿入物を含む）除去術（膝）,Surgery_Type
関節内異物（挿入物を含む）除去術（胸鎖）,Surgery_Type
関節内異物（挿入物を含む）除去術（肘）,Surgery_Type
関節内異物（挿入物を含む）除去術（手）,Surgery_Type
関節内異物（挿入物を含む）除去術（足）,Surgery_Type
関節内異物（挿入物を含む）除去術（肩鎖）,Surgery_Type
関節内異物（挿入物を含む）除去術（指）,Surgery_Type
関節滑膜切除術（胸鎖）,Surgery_Type
関節滑膜切除術（肩鎖）,Surgery_Type
関節鼠摘出手術（胸鎖）,Surgery_Type
関節鼠摘出手術（肩鎖）,Surgery_Type
ガングリオン摘出術（手）,Surgery_Type
ガングリオン摘出術（足）,Surgery_Type
ガングリオン摘出術（指）,Surgery_Type
関節内骨折観血的手術（肩）,Surgery_Type
関節内骨折観血的手術（股）,Surgery_Type
関節内骨折観血的手術（膝）,Surgery_Type
関節内骨折観血的手術（胸鎖）,Surgery_Type
関節内骨折観血的手術（肘）,Surgery_Type
関節内骨折観血的手術（手）,Surgery_Type
関節内骨折観血的手術（足）,Surgery_Type
関節内骨折観血的手術（肩鎖）,Surgery_Type
関節内骨折観血的手術（指）,Surgery_Type
靱帯断裂縫合術（十字靱帯）,Surgery_Type
靱帯断裂縫合術（膝側副靱帯）,Surgery_Type
非観血的関節授動術（肩）,Surgery_Type
非観血的関節授動術（股）,Surgery_Type
非観血的関節授動術（膝）,Surgery_Type
非観血的関節授動術（胸鎖）,Surgery_Type
非観血的関節授動術（肘）,Surgery_Type
非観血的関節授動術（手）,Surgery_Type
非観血的関節授動術（足）,Surgery_Type
非観血的関節授動術（肩鎖）,Surgery_Type
非観血的関節授動術（指）,Surgery_Type
観血的関節授動術（肩）,Surgery_Type
観血的関節授動術（股）,Surgery_Type
観血的関節授動術（膝）,Surgery_Type
観血的関節授動術（胸鎖）,Surgery_Type
観血的関節授動術（肘）,Surgery_Type
観血的関節授動術（手）,Surgery_Type
観血的関節授動術（足）,Surgery_Type
観血的関節授動術（肩鎖）,Surgery_Type
観血的関節授動術（指）,Surgery_Type
観血的関節制動術（肩）,Surgery_Type
観血的関節制動術（股）,Surgery_Type
観血的関節制動術（膝）,Surgery_Type
観血的関節制動術（胸鎖）,Surgery_Type
観血的関節制動術（肘）,Surgery_Type
観血的関節制動術（手）,Surgery_Type
観血的関節制動術（足）,Surgery_Type
観血的関節制動術（肩鎖）,Surgery_Type
観血的関節制動術（指）,Surgery_Type
観血的関節固定術（肩）,Surgery_Type
観血的関節固定術（股）,Surgery_Type
観血的関節固定術（膝）,Surgery_Type
観血的関節固定術（胸鎖）,Surgery_Type
観血的関節固定術（肘）,Surgery_Type
観血的関節固定術（手）,Surgery_Type
観血的関節固定術（足）,Surgery_Type
観血的関節固定術（肩鎖）,Surgery_Type
観血的関節固定術（指）,Surgery_Type
靱帯断裂形成手術（十字靱帯）,Surgery_Type
靱帯断裂形成手術（膝側副靱帯）,Surgery_Type
靱帯断裂形成手術（指）,Surgery_Type
人工関節置換術（胸鎖）,Surgery_Type
人工関節置換術（肩鎖）,Surgery_Type
化膿性又は結核性関節炎掻爬術（肩）,Surgery_Type
化膿性又は結核性関節炎掻爬術（股）,Surgery_Type
化膿性又は結核性関節炎掻爬術（膝）,Surgery_Type
化膿性又は結核性関節炎掻爬術（肘）,Surgery_Type
化膿性又は結核性関節炎掻爬術（手）,Surgery_Type
化膿性又は結核性関節炎掻爬術（足）,Surgery_Type
化膿性又は結核性関節炎掻爬術（指）,Surgery_Type
断端形成術（軟部形成のみ）（指）,Surgery_Type
断端形成術（軟部形成のみ）（その他）,Surgery_Type
断端形成術（骨形成を要する）（指）,Surgery_Type
断端形成術（骨形成を要する）（その他）,Surgery_Type
切断四肢再接合術（四肢）,Surgery_Type
切断四肢再接合術（指）,Surgery_Type
ひょう疽手術（軟部組織）,Surgery_Type
ひょう疽手術（骨、関節）,Surgery_Type
陥入爪手術（爪床爪母の形成を伴う複雑）,Surgery_Type
足三関節固定（ランブリヌディ）手術,Surgery_Type
多指症手術（軟部形成のみ）,Surgery_Type
多指症手術（骨関節、腱の形成を要する）,Surgery_Type
合指症手術（軟部形成のみ）,Surgery_Type
合指症手術（骨関節、腱の形成を要する）,Surgery_Type
指癒着症手術（軟部形成のみ）,Surgery_Type
指癒着症手術（骨関節、腱の形成を要する）,Surgery_Type
巨指症手術（軟部形成のみ）,Surgery_Type
巨指症手術（骨関節、腱の形成を要する）,Surgery_Type
屈指症手術（軟部形成のみ）,Surgery_Type
屈指症手術（骨関節、腱の形成を要する）,Surgery_Type
斜指症手術（軟部形成のみ）,Surgery_Type
斜指症手術（骨関節、腱の形成を要する）,Surgery_Type
神経血管柄付植皮術（手）,Surgery_Type
第一足指外反症矯正手術,Surgery_Type
脊椎脱臼非観血的整復術,Surgery_Type
椎間板ヘルニア徒手整復術,Surgery_Type
脊椎、骨盤脱臼観血的手術,Surgery_Type
仙腸関節脱臼観血的手術,Surgery_Type
恥骨結合離開観血的手術,Surgery_Type
骨盤骨折非観血的整復術,Surgery_Type
脊椎内異物（挿入物）除去術,Surgery_Type
骨盤内異物（挿入物）除去術,Surgery_Type
椎間板摘出術（前方摘出術）,Surgery_Type
椎間板摘出術（後方摘出術）,Surgery_Type
椎間板摘出術（側方摘出術）,Surgery_Type
脊椎披裂手術（神経処置を伴う）,Surgery_Type
脊椎披裂手術（その他）,Surgery_Type
穿頭術（トレパナチオン）,Surgery_Type
耳科的硬脳膜外膿瘍切開術,Surgery_Type
機能的定位脳手術（片側）,Surgery_Type
延髄における脊髄視床路切截術,Surgery_Type
三叉神経節後線維切截術,Surgery_Type
顔面神経減圧手術（乳様突起経由）,Surgery_Type
頭皮、頭蓋骨悪性腫瘍手術,Surgery_Type
頭蓋内血腫除去術（開頭）（硬膜外）,Surgery_Type
頭蓋内血腫除去術（開頭）（硬膜下）,Surgery_Type
頭蓋内血腫除去術（開頭）（脳内）,Surgery_Type
頭蓋内腫瘍摘出術（松果体部腫瘍）,Surgery_Type
経耳的聴神経腫瘍摘出術,Surgery_Type
経鼻的下垂体腫瘍摘出術,Surgery_Type
頭蓋骨形成手術（頭蓋骨のみ）,Surgery_Type
頭蓋骨形成手術（硬膜形成を伴う）,Surgery_Type
骨形成的片側椎弓切除術と髄核摘出術,Surgery_Type
脊髄腫瘍摘出術（髄外）,Surgery_Type
脊髄腫瘍摘出術（髄内）,Surgery_Type
神経腫切除術（その他）,Surgery_Type
神経捻除術（後頭神経）,Surgery_Type
神経捻除術（上眼窩神経）,Surgery_Type
神経捻除術（眼窩下神経）,Surgery_Type
神経捻除術（おとがい神経）,Surgery_Type
おとがい孔部神経切断術,Surgery_Type
神経捻除術（下顎神経）,Surgery_Type
交感神経切除術（頸動脈周囲）,Surgery_Type
交感神経切除術（股動脈周囲）,Surgery_Type
交感神経節切除術（頸部）,Surgery_Type
交感神経節切除術（胸部）,Surgery_Type
交感神経節切除術（腰部）,Surgery_Type
末梢神経遮断術（浅腓骨神経）,Surgery_Type
末梢神経遮断術（後脛骨神経）,Surgery_Type
先天性鼻涙管閉塞開放術,Surgery_Type
涙管チューブ挿入術（その他）,Surgery_Type
瞼縁縫合術（瞼板縫合術を含む）,Surgery_Type
睫毛電気分解術（毛根破壊）,Surgery_Type
マイボーム腺梗塞摘出術,Surgery_Type
瞼板切除術（巨大霰粒腫摘出）,Surgery_Type
眼瞼内反症手術（縫合法）,Surgery_Type
眼瞼下垂症手術（眼瞼挙筋前転法）,Surgery_Type
眼瞼下垂症手術（筋膜移植法）,Surgery_Type
眼瞼下垂症手術（その他）,Surgery_Type
結膜結石除去術（少数）,Surgery_Type
結膜結石除去術（多数）,Surgery_Type
結膜嚢形成手術（部分形成）,Surgery_Type
結膜嚢形成手術（皮膚及び結膜の形成）,Surgery_Type
結膜嚢形成手術（全部形成）,Surgery_Type
翼状片手術（弁の移植を要する）,Surgery_Type
眼窩内異物除去術（表在性）,Surgery_Type
眼窩内異物除去術（深在性）（視神経周囲）,Surgery_Type
眼窩内異物除去術（深在性）（眼窩尖端）,Surgery_Type
眼窩内異物除去術（深在性）（その他）,Surgery_Type
眼窩内腫瘍摘出術（表在性）,Surgery_Type
眼窩内腫瘍摘出術（深在性）,Surgery_Type
眼窩縁形成手術（骨移植）,Surgery_Type
斜視手術（前転法と後転法）,Surgery_Type
眼球摘出及び組織又は義眼台充填術,Surgery_Type
角膜新生血管手術（冷凍凝固術を含む）,Surgery_Type
治療的角膜切除術（その他）,Surgery_Type
角膜表層除去併用結膜被覆術,Surgery_Type
緑内障手術（虹彩切除術）,Surgery_Type
緑内障手術（流出路再建術）,Surgery_Type
前房、虹彩内異物除去術,Surgery_Type
硝子体茎顕微鏡下離断術（その他）,Surgery_Type
外耳道異物除去術（単純）,Surgery_Type
外耳道異物除去術（複雑）,Surgery_Type
外耳道骨増生（外骨腫）切除術,Surgery_Type
耳介形成手術（耳介軟骨形成を要しない）,Surgery_Type
外耳道造設術・閉鎖症手術,Surgery_Type
乳突洞開放術（アントロトミー）,Surgery_Type
耳管狭窄ビニール管挿入術,Surgery_Type
鼓膜（排液、換気）チューブ挿入術,Surgery_Type
中耳、側頭骨腫瘍摘出術,Surgery_Type
中耳悪性腫瘍手術（切除）,Surgery_Type
中耳悪性腫瘍手術（側頭骨摘出術）,Surgery_Type
鼓室神経叢切除、鼓索神経切断術,Surgery_Type
Ｓ状洞血栓（静脈炎）手術,Surgery_Type
迷路摘出術（部分摘出）,Surgery_Type
鼻甲介切除術（その他）,Surgery_Type
粘膜下下鼻甲介骨切除術,Surgery_Type
上顎洞性後鼻孔ポリープ切除術,Surgery_Type
鼻副鼻腔悪性腫瘍手術（切除）,Surgery_Type
鼻副鼻腔悪性腫瘍手術（全摘）,Surgery_Type
経鼻腔的翼突管神経切除術,Surgery_Type
萎縮性鼻炎手術（両側）,Surgery_Type
後鼻孔閉鎖症手術（単純）（膜性閉鎖）,Surgery_Type
後鼻孔閉鎖症手術（複雑）（骨性閉鎖）,Surgery_Type
副鼻腔炎術後後出血止血法,Surgery_Type
上顎洞篩骨洞蝶形洞根治手術,Surgery_Type
上顎洞篩骨洞前頭洞根治手術,Surgery_Type
前頭洞篩骨洞蝶形洞根治手術,Surgery_Type
経上顎洞的翼突管神経切除術,Surgery_Type
咽頭異物摘出術（簡単）,Surgery_Type
咽頭異物摘出術（複雑）,Surgery_Type
上咽頭ポリープ摘出術（経口腔）,Surgery_Type
上咽頭腫瘍摘出術（経口腔）,Surgery_Type
上咽頭腫瘍摘出術（経鼻腔）,Surgery_Type
上咽頭腫瘍摘出術（経副鼻腔）,Surgery_Type
上咽頭腫瘍摘出術（外切開）,Surgery_Type
中咽頭腫瘍摘出術（経口腔）,Surgery_Type
中咽頭腫瘍摘出術（外切開）,Surgery_Type
下咽頭腫瘍摘出術（経口腔）,Surgery_Type
下咽頭腫瘍摘出術（外切開）,Surgery_Type
鼻咽腔線維腫手術（切除）,Surgery_Type
鼻咽腔線維腫手術（摘出）,Surgery_Type
喉頭粘膜焼灼術（直達鏡）,Surgery_Type
喉頭ポリープ切除術（間接喉頭鏡）,Surgery_Type
喉頭ポリープ切除術（直達喉頭鏡）,Surgery_Type
喉頭異物摘出術（直達鏡によらない）,Surgery_Type
喉頭異物摘出術（直達鏡）,Surgery_Type
気管異物除去術（直達鏡）,Surgery_Type
気管異物除去術（開胸手術）,Surgery_Type
喉頭腫瘍摘出術（間接喉頭鏡）,Surgery_Type
喉頭腫瘍摘出術（直達鏡）,Surgery_Type
喉頭悪性腫瘍手術（切除）,Surgery_Type
喉頭悪性腫瘍手術（全摘）,Surgery_Type
喉頭狭窄症手術（前方開大術）,Surgery_Type
喉頭狭窄症手術（前壁形成手術）,Surgery_Type
喉頭狭窄症手術（Ｔチューブ挿入術）,Surgery_Type
気管形成手術（開胸又は胸骨正中切開）,Surgery_Type
口蓋腫瘍摘出術（口蓋骨に及ぶ）,Surgery_Type
顎・口蓋裂形成手術（軟口蓋のみ）,Surgery_Type
顎・口蓋裂形成手術（硬口蓋に及ぶ）,Surgery_Type
顎・口蓋裂形成手術（顎裂を伴う）（片側）,Surgery_Type
舌腫瘍摘出術（粘液嚢胞摘出術）,Surgery_Type
舌腫瘍摘出術（その他）,Surgery_Type
舌悪性腫瘍手術（切除）,Surgery_Type
舌悪性腫瘍手術（亜全摘）,Surgery_Type
口唇腫瘍摘出術（粘液嚢胞摘出術）,Surgery_Type
口唇腫瘍摘出術（その他）,Surgery_Type
頬腫瘍摘出術（その他）,Surgery_Type
口腔、顎、顔面悪性腫瘍切除術,Surgery_Type
口唇裂形成手術（片側）（口唇のみ）,Surgery_Type
下顎骨折非観血的整復術,Surgery_Type
下顎骨折観血的手術（片側）,Surgery_Type
顎関節脱臼非観血的整復術,Surgery_Type
上顎骨折非観血的整復術,Surgery_Type
顔面多発骨折観血的手術,Surgery_Type
顎骨腫瘍摘出術（長径３ｃｍ未満）,Surgery_Type
顎骨腫瘍摘出術（長径３ｃｍ以上）,Surgery_Type
下顎骨悪性腫瘍手術（切除）,Surgery_Type
下顎骨悪性腫瘍手術（切断）,Surgery_Type
上顎骨悪性腫瘍手術（掻爬）,Surgery_Type
上顎骨悪性腫瘍手術（切除）,Surgery_Type
上顎骨悪性腫瘍手術（全摘）,Surgery_Type
上顎骨形成術（複雑及び２次的再建）,Surgery_Type
耳下腺腫瘍摘出術（耳下腺浅葉摘出術）,Surgery_Type
耳下腺腫瘍摘出術（耳下腺深葉摘出術）,Surgery_Type
耳下腺悪性腫瘍手術（切除）,Surgery_Type
耳下腺悪性腫瘍手術（全摘）,Surgery_Type
唾液腺管移動術（上顎洞内）,Surgery_Type
唾液腺管移動術（結膜嚢内）,Surgery_Type
甲状腺部分切除術、甲状腺腫摘出術（両葉）,Surgery_Type
バセドウ甲状腺全摘（亜全摘）術（両葉）,Surgery_Type
甲状腺悪性腫瘍手術（切除）,Surgery_Type
甲状腺悪性腫瘍手術（全摘及び亜全摘）,Surgery_Type
副甲状腺（上皮小体）悪性腫瘍手術（広汎）,Surgery_Type
乳腺腫瘍摘出術（長径５ｃｍ未満）,Surgery_Type
乳腺腫瘍摘出術（長径５ｃｍ以上）,Surgery_Type
肋骨・胸骨カリエス手術,Surgery_Type
肋骨切除術（第１肋骨）,Surgery_Type
肋骨切除術（その他の肋骨）,Surgery_Type
胸壁悪性腫瘍摘出術（胸壁形成手術を併施）,Surgery_Type
胸壁悪性腫瘍摘出術（その他）,Surgery_Type
胸骨悪性腫瘍摘出術（胸壁形成手術を併施）,Surgery_Type
胸骨悪性腫瘍摘出術（その他）,Surgery_Type
漏斗胸手術（胸骨挙上法）,Surgery_Type
漏斗胸手術（胸骨翻転法）,Surgery_Type
胸腔内（胸膜内）血腫除去術,Surgery_Type
膿胸腔有茎筋肉弁充填術,Surgery_Type
胸郭形成手術（肺切除後遺残腔を含む）,Surgery_Type
縦隔悪性腫瘍手術（単純摘出）,Surgery_Type
気管支狭窄拡張術（気管支鏡）,Surgery_Type
気管支異物除去術（直達鏡）,Surgery_Type
気管支異物除去術（開胸手術）,Surgery_Type
肺切除術（楔状部分切除）,Surgery_Type
肺切除術（区域切除（１肺葉に満たない））,Surgery_Type
肺切除術（複合切除（１肺葉を超える））,Surgery_Type
肺切除術（１側肺全摘）,Surgery_Type
気管支形成手術（楔状切除術）,Surgery_Type
気管支形成手術（輪状切除術）,Surgery_Type
食道縫合術（穿孔、損傷）（頸部手術）,Surgery_Type
食道縫合術（穿孔、損傷）（開胸手術）,Surgery_Type
食道縫合術（穿孔、損傷）（開腹手術）,Surgery_Type
食道周囲膿瘍切開誘導術（開胸手術）,Surgery_Type
食道周囲膿瘍切開誘導術（胸骨切開）,Surgery_Type
食道周囲膿瘍切開誘導術（その他）,Surgery_Type
食道狭窄拡張術（内視鏡）,Surgery_Type
食道狭窄拡張術（食道ブジー法）,Surgery_Type
食道異物摘出術（頸部手術）,Surgery_Type
食道異物摘出術（開胸手術）,Surgery_Type
食道異物摘出術（開腹手術）,Surgery_Type
食道憩室切除術（頸部手術）,Surgery_Type
食道憩室切除術（開胸）,Surgery_Type
食道切除再建術（頸部、胸部、腹部の操作）,Surgery_Type
食道切除再建術（胸部、腹部の操作）,Surgery_Type
食道切除再建術（腹部の操作）,Surgery_Type
先天性食道閉鎖症根治手術,Surgery_Type
食道アカラシア形成手術,Surgery_Type
食道切除後２次的再建術（皮弁形成）,Surgery_Type
食道切除後２次的再建術（消化管利用）,Surgery_Type
食道静脈瘤手術（開腹）,Surgery_Type
食道・胃静脈瘤硬化療法（内視鏡）,Surgery_Type
横隔膜縫合術（経胸及び経腹）,Surgery_Type
横隔膜レラクサチオ手術（経胸）,Surgery_Type
横隔膜レラクサチオ手術（経腹）,Surgery_Type
横隔膜レラクサチオ手術（経胸及び経腹）,Surgery_Type
胸腹裂孔ヘルニア手術（経胸）,Surgery_Type
胸腹裂孔ヘルニア手術（経腹）,Surgery_Type
胸腹裂孔ヘルニア手術（経胸及び経腹）,Surgery_Type
食道裂孔ヘルニア手術（経胸）,Surgery_Type
食道裂孔ヘルニア手術（経腹）,Surgery_Type
食道裂孔ヘルニア手術（経胸及び経腹）,Surgery_Type
心筋縫合止血術（外傷性）,Surgery_Type
心膜嚢胞、心膜腫瘍切除術,Surgery_Type
閉鎖式僧帽弁交連切開術,Surgery_Type
ペースメーカー移植術（心筋電極）,Surgery_Type
ペースメーカー移植術（経静脈電極）,Surgery_Type
三尖弁閉鎖症手術（両方向性グレン手術）,Surgery_Type
弁輪拡大術を伴う大動脈弁置換術,Surgery_Type
心房中隔欠損閉鎖術（単独）,Surgery_Type
心室中隔欠損閉鎖術（単独）,Surgery_Type
心室中隔欠損閉鎖術（大動脈弁形成を伴う）,Surgery_Type
心房中隔欠損作成術（心房中隔欠損作成術）,Surgery_Type
大動脈弁狭窄直視下切開術,Surgery_Type
バルサルバ洞動脈瘤手術（単独）,Surgery_Type
大動脈肺動脈中隔欠損症手術（単独）,Surgery_Type
大血管転位症手術（ジャテーン手術）,Surgery_Type
冠動静脈瘻開胸的遮断術,Surgery_Type
冠動脈形成術（血栓内膜摘除）（１箇所）,Surgery_Type
冠動脈、大動脈バイパス移植術（１吻合）,Surgery_Type
単心室症手術（心室中隔造成術）,Surgery_Type
両大血管右室起始症手術（単独）,Surgery_Type
大血管転位症手術（ラステリ手術を伴う）,Surgery_Type
人工心肺（２日目以降）,Surgery_Type
血管結紮術（開胸を伴う）,Surgery_Type
血管結紮術（開腹を伴う）,Surgery_Type
動脈塞栓除去術（開腹を伴う）,Surgery_Type
動脈塞栓除去術（開胸を伴う）,Surgery_Type
動脈塞栓除去術（その他）（観血的）,Surgery_Type
動脈血栓内膜摘出術（大動脈に及ぶ）,Surgery_Type
動脈血栓内膜摘出術（その他）,Surgery_Type
大動脈瘤切除術（弓部）,Surgery_Type
大動脈瘤切除術（下行）,Surgery_Type
動脈形成術、吻合術（頭蓋内動脈）,Surgery_Type
動脈形成術、吻合術（その他の動脈）,Surgery_Type
大動脈縮窄（離断）症手術（単独）,Surgery_Type
血管移植術、バイパス移植術（大動脈）,Surgery_Type
血管移植術、バイパス移植術（胸腔内動脈）,Surgery_Type
血管移植術、バイパス移植術（腹腔内動脈）,Surgery_Type
四肢の血管拡張術・血栓除去術,Surgery_Type
下肢静脈瘤手術（抜去切除術）,Surgery_Type
静脈血栓摘出術（開腹を伴う）,Surgery_Type
静脈血栓摘出術（その他（観血的））,Surgery_Type
総腸骨静脈及び股静脈血栓除去術,Surgery_Type
門脈体循環静脈吻合術（門脈圧亢進症手術）,Surgery_Type
静脈形成術、吻合術（胸腔内静脈）,Surgery_Type
静脈形成術、吻合術（腹腔内静脈）,Surgery_Type
静脈形成術、吻合術（その他の静脈）,Surgery_Type
リンパ管腫摘出術（長径５ｃｍ未満）,Surgery_Type
リンパ管腫摘出術（長径５ｃｍ以上）,Surgery_Type
リンパ節摘出術（長径３ｃｍ未満）,Surgery_Type
リンパ節摘出術（長径３ｃｍ以上）,Surgery_Type
リンパ節群郭清術（頸部）（深在性）,Surgery_Type
リンパ節群郭清術（鎖骨上窩及び下窩）,Surgery_Type
リンパ節群郭清術（腋窩）,Surgery_Type
リンパ節群郭清術（胸骨旁）,Surgery_Type
リンパ節群郭清術（鼠径部及び股部）,Surgery_Type
リンパ節群郭清術（後腹膜）,Surgery_Type
腹壁瘻手術（腹壁に限局）,Surgery_Type
腹壁瘻手術（腹腔に通ずる）,Surgery_Type
腹壁腫瘍摘出術（形成手術を必要としない）,Surgery_Type
腹壁腫瘍摘出術（形成手術を必要とする）,Surgery_Type
胸水・腹水濾過濃縮再静注法,Surgery_Type
限局性腹腔膿瘍手術（横隔膜下膿瘍）,Surgery_Type
限局性腹腔膿瘍手術（ダグラス窩膿瘍）,Surgery_Type
限局性腹腔膿瘍手術（虫垂周囲膿瘍）,Surgery_Type
限局性腹腔膿瘍手術（その他）,Surgery_Type
骨盤腹膜外膿瘍切開排膿術,Surgery_Type
腸間膜損傷手術（縫合、修復のみ）,Surgery_Type
腸間膜損傷手術（腸管切除を伴う）,Surgery_Type
膀胱後腫瘍摘出術（腸管切除を伴わない）,Surgery_Type
膀胱後腫瘍摘出術（腸管切除を伴う）,Surgery_Type
臍腸管瘻手術（腸管切除を伴わない）,Surgery_Type
臍腸管瘻手術（腸管切除を伴う）,Surgery_Type
胃血管結紮術（急性胃出血手術）,Surgery_Type
胃縫合術（大網充填術又は被覆術を含む）,Surgery_Type
胃吊上げ固定術（胃下垂症手術）,Surgery_Type
内視鏡的食道及び胃内異物摘出術,Surgery_Type
胃切除術（単純切除術）,Surgery_Type
十二指腸窓（内方）憩室摘出術,Surgery_Type
胆嚢摘出術と十二指腸空腸吻合術,Surgery_Type
胃全摘術（単純全摘術）,Surgery_Type
胃切除術（悪性腫瘍手術）,Surgery_Type
胃全摘術（悪性腫瘍手術）,Surgery_Type
食道下部迷走神経切除術（幹迷切）（単独）,Surgery_Type
食道下部迷走神経選択的切除術（単独）,Surgery_Type
胃冠状静脈結紮及び切除術,Surgery_Type
胃腸吻合術（ブラウン吻合を含む）,Surgery_Type
幽門形成術（粘膜外幽門筋切開術を含む）,Surgery_Type
胃横断術（静脈瘤手術）,Surgery_Type
胆管切開結石摘出術（胆嚢摘出を含まない）,Surgery_Type
胆管形成手術（胆管切除術を含む）,Surgery_Type
胆管外瘻造設術（開腹）,Surgery_Type
胆管外瘻造設術（経皮経肝）,Surgery_Type
経皮的胆管ドレナージ術,Surgery_Type
内視鏡的乳頭切開術（乳頭括約筋切開のみ）,Surgery_Type
肝内結石摘出術（開腹）,Surgery_Type
肝内胆管（肝管）胃（腸）吻合術,Surgery_Type
肝内胆管外瘻造設術（開腹）,Surgery_Type
肝内胆管外瘻造設術（経皮経肝）,Surgery_Type
膵結石手術（経十二指腸乳頭）,Surgery_Type
膵頭部腫瘍切除術（膵頭十二指腸切除術）,Surgery_Type
膵嚢胞外瘻造設術（内視鏡）,Surgery_Type
膵嚢胞外瘻造設術（開腹）,Surgery_Type
脾縫合術（部分切除を含む）,Surgery_Type
腸閉塞症手術（腸管癒着症手術）,Surgery_Type
腸閉塞症手術（腸重積症整復術）（観血的）,Surgery_Type
腸閉塞症手術（結腸切除術）（小範囲切除）,Surgery_Type
腸重積症整復術（非観血的）,Surgery_Type
腸重積症整復術（観血的）,Surgery_Type
小腸切除術（悪性腫瘍手術以外の切除術）,Surgery_Type
虫垂切除術（虫垂周囲膿瘍を伴わないもの）,Surgery_Type
結腸切除術（小範囲切除）,Surgery_Type
結腸切除術（結腸半側切除）,Surgery_Type
結腸腫瘍摘出術（回盲部腫瘍摘出術を含む）,Surgery_Type
結腸ポリープ切除術（開腹）,Surgery_Type
腸閉鎖症手術（腸管切除を伴わない）,Surgery_Type
腸閉鎖症手術（腸管切除を伴う）,Surgery_Type
小腸瘻閉鎖術（腸管切除を伴わない）,Surgery_Type
小腸瘻閉鎖術（腸管切除を伴う）,Surgery_Type
結腸瘻閉鎖術（腸管切除を伴わない）,Surgery_Type
結腸瘻閉鎖術（腸管切除を伴う）,Surgery_Type
人工肛門閉鎖術（腸管切除を伴わない）,Surgery_Type
人工肛門閉鎖術（腸管切除を伴う）,Surgery_Type
人工肛門形成術（開腹を伴う）,Surgery_Type
人工肛門形成術（その他）,Surgery_Type
直腸異物除去術（経肛門）（内視鏡）,Surgery_Type
直腸異物除去術（開腹）,Surgery_Type
直腸腫瘍摘出術（経肛門）,Surgery_Type
直腸腫瘍摘出術（経括約筋）,Surgery_Type
直腸腫瘍摘出術（経腹及び経肛）,Surgery_Type
直腸切除・切断術（切除術）,Surgery_Type
直腸切除・切断術（切断術）,Surgery_Type
直腸脱手術（直腸挙上固定）,Surgery_Type
直腸脱手術（骨盤底形成）,Surgery_Type
直腸脱手術（腹会陰（腸切除を含む））,Surgery_Type
子宮脱手術及び卵管結紮術,Surgery_Type
痔核手術（脱肛を含む）（硬化療法）,Surgery_Type
痔核手術（脱肛を含む）（結紮術）,Surgery_Type
痔核手術（脱肛を含む）（焼灼術）,Surgery_Type
痔核手術（脱肛を含む）（血栓摘出術）,Surgery_Type
モルガニー氏洞及び肛門管切開術,Surgery_Type
痔核手術後狭窄拡張手術,Surgery_Type
肛門尖圭コンジローム切除術,Surgery_Type
腟壁尖圭コンジローム切除術,Surgery_Type
肛門悪性腫瘍手術（切除）,Surgery_Type
肛門括約筋形成手術（瘢痕切除）,Surgery_Type
肛門括約筋形成手術（縫縮）,Surgery_Type
肛門括約筋形成手術（組織置換）,Surgery_Type
鎖肛手術（肛門膜状閉鎖切開）,Surgery_Type
鎖肛手術（仙骨会陰式）,Surgery_Type
肛門形成手術（肛門狭窄形成手術）,Surgery_Type
肛門形成手術（直腸粘膜脱形成手術）,Surgery_Type
体外衝撃波腎・尿管結石破砕術,Surgery_Type
腎（尿管）悪性腫瘍手術,Surgery_Type
経皮的腎（腎盂）瘻造設術,Surgery_Type
腎（腎盂）皮膚瘻閉鎖術,Surgery_Type
移植用腎採取術（生体）,Surgery_Type
経尿道的尿路結石除去術（その他）,Surgery_Type
尿管切石術（上部及び中部）,Surgery_Type
尿管切石術（膀胱近接部）,Surgery_Type
経尿道的尿管狭窄拡張術,Surgery_Type
膀胱結石摘出術（経尿道的手術）,Surgery_Type
膀胱結石摘出術（膀胱高位切開術）,Surgery_Type
膀胱異物摘出術（経尿道的手術）,Surgery_Type
膀胱異物摘出術（膀胱高位切開術）,Surgery_Type
膀胱単純摘除術（その他）,Surgery_Type
膀胱悪性腫瘍手術（切除）,Surgery_Type
尿道結石摘出術（前部尿道）,Surgery_Type
尿道結石摘出術（後部尿道）,Surgery_Type
尿道異物摘出術（前部尿道）,Surgery_Type
尿道異物摘出術（後部尿道）,Surgery_Type
陰茎尖圭コンジローム切除術,Surgery_Type
陰茎悪性腫瘍手術（陰茎切除）,Surgery_Type
陰茎悪性腫瘍手術（陰茎全摘）,Surgery_Type
包茎手術（背面切開術）,Surgery_Type
包茎手術（環状切除術）,Surgery_Type
精管切断、切除術（両側）,Surgery_Type
陰嚢水腫手術（その他）,Surgery_Type
バルトリン腺膿瘍切開術,Surgery_Type
女子外性器悪性腫瘍手術（切除）,Surgery_Type
会陰形成手術（筋層に及ばない）,Surgery_Type
会陰形成手術（筋層に及ぶ）,Surgery_Type
癒合陰唇形成手術（筋層に及ばない）,Surgery_Type
癒合陰唇形成手術（筋層に及ぶ）,Surgery_Type
腟式子宮旁結合織炎（膿瘍）切開術,Surgery_Type
後腟円蓋切開（異所性妊娠）,Surgery_Type
腟中隔切除術（不全隔）,Surgery_Type
腟中隔切除術（全中隔）,Surgery_Type
腟閉鎖症術（拡張器利用）,Surgery_Type
腟閉鎖症術（遊離植皮）,Surgery_Type
腟閉鎖症術（腸管形成）,Surgery_Type
子宮位置矯正術（アレキサンダー手術）,Surgery_Type
子宮位置矯正術（開腹による位置矯正術）,Surgery_Type
子宮位置矯正術（癒着剥離矯正術）,Surgery_Type
子宮脱手術（ハルバン・シャウタ手術）,Surgery_Type
子宮脱手術（マンチェスター手術）,Surgery_Type
子宮頸管ポリープ切除術,Surgery_Type
子宮頸部（腟部）切除術,Surgery_Type
子宮頸部異形成上皮レーザー照射治療,Surgery_Type
子宮息肉様筋腫摘出術（腟式）,Surgery_Type
子宮筋腫摘出（核出）術（腹式）,Surgery_Type
痕跡副角子宮手術（腹式）,Surgery_Type
子宮頸管閉鎖症手術（非観血的）,Surgery_Type
子宮頸管閉鎖症手術（観血的）,Surgery_Type
奇形子宮形成手術（ストラスマン手術）,Surgery_Type
腟式卵巣嚢腫内容排除術,Surgery_Type
子宮附属器癒着剥離術（両側）（開腹）,Surgery_Type
卵巣部分切除術（開腹）,Surgery_Type
卵管結紮術（両側）（開腹）,Surgery_Type
子宮附属器腫瘍摘出術（両側）（開腹）,Surgery_Type
卵管全摘除術（両側）（開腹）,Surgery_Type
卵管腫瘤全摘除術（両側）（開腹）,Surgery_Type
子宮卵管留血腫手術（両側）（開腹）,Surgery_Type
子宮附属器悪性腫瘍手術（両側）,Surgery_Type
低位（出口）鉗子娩出術,Surgery_Type
会陰（陰門）切開及び縫合術（分娩時）,Surgery_Type
頸管裂創縫合術（分娩時）,Surgery_Type
帝王切開術（緊急帝王切開）,Surgery_Type
帝王切開術（選択帝王切開）,Surgery_Type
子宮破裂手術（子宮全摘除を行う）,Surgery_Type
子宮破裂手術（子宮腟上部切断を行う）,Surgery_Type
子宮破裂手術（その他）,Surgery_Type
妊娠子宮摘出術（ポロー手術）,Surgery_Type
子宮内反症整復手術（腟式）（観血的）,Surgery_Type
子宮内反症整復手術（腹式）（観血的）,Surgery_Type
子宮頸管縫縮術（マクドナルド法）,Surgery_Type
子宮頸管縫縮術（シロッカー法）,Surgery_Type
子宮頸管縫縮術（ラッシュ法）,Surgery_Type
流産手術（妊娠１１週超２１週まで）,Surgery_Type
異所性妊娠手術（開腹）,Surgery_Type
新生児仮死蘇生術（仮死第１度）,Surgery_Type
新生児仮死蘇生術（仮死第２度）,Surgery_Type
自家採血輸血（１回目）,Surgery_Type
保存血液輸血（１回目）,Surgery_Type
造血幹細胞移植（骨髄移植）（同種移植）,Surgery_Type
子宮内反症整復手術（腟式）（非観血的）,Surgery_Type
尿道狭窄拡張術（尿道バルーンカテーテル）,Surgery_Type
難治性骨折電磁波電気治療法,Surgery_Type
脳動脈瘤被包術（１箇所）,Surgery_Type
脳動脈瘤被包術（２箇所以上）,Surgery_Type
脳動脈瘤頸部クリッピング（１箇所）,Surgery_Type
脳動脈瘤頸部クリッピング（２箇所以上）,Surgery_Type
網膜光凝固術（その他特殊）,Surgery_Type
大動脈瘤切除術（上行）（その他）,Surgery_Type
大動脈瘤切除術（腹部大動脈（その他））,Surgery_Type
直腸切除・切断術（低位前方切除術）,Surgery_Type
副腎腫瘍摘出術（皮質腫瘍）,Surgery_Type
副腎腫瘍摘出術（髄質腫瘍（褐色細胞腫））,Surgery_Type
尿道悪性腫瘍摘出術（摘出）,Surgery_Type
尿道悪性腫瘍摘出術（内視鏡）,Surgery_Type
尿道悪性腫瘍摘出術（尿路変更を行う場合）,Surgery_Type
尿道形成手術（前部尿道）,Surgery_Type
尿道形成手術（後部尿道）,Surgery_Type
自己血輸血（６歳以上）（液状保存）,Surgery_Type
造血幹細胞採取（骨髄採取）（同種移植）,Surgery_Type
慢性硬膜下血腫洗浄・除去術（穿頭）,Surgery_Type
口蓋扁桃切除術（翌日以降）後出血止血術,Surgery_Type
口蓋扁桃摘出術（翌日以降）後出血止血術,Surgery_Type
神経血管柄付植皮術（足）,Surgery_Type
増殖性硝子体網膜症手術,Surgery_Type
小耳症手術（軟骨移植による耳介形成手術）,Surgery_Type
小耳症手術（耳介挙上）,Surgery_Type
舌形成手術（巨舌症手術）,Surgery_Type
食道腫瘍摘出術（内視鏡）,Surgery_Type
食道腫瘍摘出術（開胸又は開腹手術）,Surgery_Type
不整脈手術（副伝導路切断術）,Surgery_Type
不整脈手術（心室頻拍症手術）,Surgery_Type
内視鏡的胆道ステント留置術,Surgery_Type
精索捻転手術（その他）,Surgery_Type
自己血輸血（６歳以上）（凍結保存）,Surgery_Type
脳血管内手術（１箇所）,Surgery_Type
脳刺激装置植込術（片側）,Surgery_Type
人工関節再置換術（肩）,Surgery_Type
人工関節再置換術（股）,Surgery_Type
人工関節再置換術（膝）,Surgery_Type
人工関節再置換術（胸鎖）,Surgery_Type
人工関節再置換術（肘）,Surgery_Type
人工関節再置換術（手）,Surgery_Type
人工関節再置換術（足）,Surgery_Type
人工関節再置換術（肩鎖）,Surgery_Type
人工関節再置換術（指）,Surgery_Type
上咽頭ポリープ摘出術（経鼻腔）,Surgery_Type
上咽頭ポリープ摘出術（経副鼻腔）,Surgery_Type
上咽頭ポリープ摘出術（外切開）,Surgery_Type
尿道ステント前立腺部尿道拡張術,Surgery_Type
経皮的冠動脈粥腫切除術,Surgery_Type
腹腔・静脈シャントバルブ設置術,Surgery_Type
胸腔・腹腔シャントバルブ設置術,Surgery_Type
皮膚悪性腫瘍切除術（単純切除）,Surgery_Type
骨折経皮的鋼線刺入固定術（指）,Surgery_Type
骨内異物（挿入物を含む）除去術（指）,Surgery_Type
変形治癒骨折矯正手術（指）,Surgery_Type
顎関節授動術（顎関節鏡下授動術）,Surgery_Type
顎関節授動術（開放授動術）,Surgery_Type
顎関節円板整位術（顎関節鏡下）,Surgery_Type
経皮的カテーテル心筋焼灼術（その他）,Surgery_Type
経皮的心肺補助法（初日）,Surgery_Type
下肢静脈瘤手術（硬化療法）,Surgery_Type
下大静脈フィルター留置術,Surgery_Type
腹腔鏡下鼠径ヘルニア手術（両側）,Surgery_Type
経皮経肝胆管ステント挿入術,Surgery_Type
小腸結腸内視鏡的止血術,Surgery_Type
肛門悪性腫瘍手術（直腸切断を伴うもの）,Surgery_Type
経尿道的腎盂尿管腫瘍摘出術,Surgery_Type
回腸（結腸）導管造設術,Surgery_Type
腹腔鏡下子宮内膜症病巣除去術,Surgery_Type
子宮附属器癒着剥離術（両側）（腹腔鏡）,Surgery_Type
卵巣部分切除術（腹腔鏡）,Surgery_Type
大動脈瘤切除術（胸腹部大動脈）,Surgery_Type
異所性妊娠手術（腹腔鏡）,Surgery_Type
補助人工心臓（２日目以降３０日目まで）,Surgery_Type
造血幹細胞移植（骨髄移植）（自家移植）,Surgery_Type
体外ペースメーキング術,Surgery_Type
顎関節円板整位術（開放）,Surgery_Type
卵管結紮術（両側）（腹腔鏡）,Surgery_Type
卵管口切開術（腹腔鏡）,Surgery_Type
卵管全摘除術（両側）（腹腔鏡）,Surgery_Type
卵管腫瘤全摘除術（両側）（腹腔鏡）,Surgery_Type
子宮卵管留血腫手術（両側）（腹腔鏡）,Surgery_Type
下顎骨形成術（おとがい形成）,Surgery_Type
子宮附属器腫瘍摘出術（両側）（腹腔鏡）,Surgery_Type
内視鏡的食道・胃静脈瘤結紮術,Surgery_Type
胸腔鏡下良性縦隔腫瘍手術,Surgery_Type
胸腔鏡下良性胸壁腫瘍手術,Surgery_Type
胸壁外皮膚管形成吻合術（胸部、腹部操作）,Surgery_Type
胸壁外皮膚管形成吻合術（腹部操作）,Surgery_Type
腹腔鏡下腸管癒着剥離術,Surgery_Type
腹腔鏡下胃、十二指腸潰瘍穿孔縫合術,Surgery_Type
腹腔鏡下腟式子宮全摘術,Surgery_Type
腱移植術（人工腱形成術を含む）（指）,Surgery_Type
椎間板摘出術（経皮的髄核摘出術）,Surgery_Type
慢性硬膜下血腫穿孔洗浄術,Surgery_Type
胸腔鏡下交感神経節切除術（両側）,Surgery_Type
斜視手術（直筋の前後転法と斜筋手術）,Surgery_Type
耳介形成手術（耳介軟骨形成を要する）,Surgery_Type
鼻骨変形治癒骨折矯正術,Surgery_Type
頬骨変形治癒骨折矯正術,Surgery_Type
下顎骨折観血的手術（両側）,Surgery_Type
唾石摘出術（腺体内に存在）,Surgery_Type
食道腫瘍摘出術（腹腔鏡下）,Surgery_Type
腹腔鏡下食道裂孔ヘルニア手術,Surgery_Type
不整脈手術（メイズ手術）,Surgery_Type
経皮的心肺補助法（２日目以降）,Surgery_Type
動脈形成術、吻合術（指の動脈）,Surgery_Type
経尿道的前立腺高温度治療,Surgery_Type
経尿道的レーザー前立腺切除術（その他）,Surgery_Type
腹腔鏡下食道下部迷走神経選択的切除術,Surgery_Type
急性膵炎手術（その他）,Surgery_Type
尿失禁コラーゲン注入手術,Surgery_Type
腹腔鏡下内精巣静脈結紮術,Surgery_Type
子宮筋腫摘出（核出）術（腟式）,Surgery_Type
子宮鏡下子宮筋腫摘出術,Surgery_Type
腟閉鎖症術（筋皮弁移植）,Surgery_Type
痕跡副角子宮手術（腟式）,Surgery_Type
気管・気管支ステント留置術（硬性鏡）,Surgery_Type
内視鏡的表在性食道悪性腫瘍光線力学療法,Surgery_Type
内視鏡的表在性胃悪性腫瘍光線力学療法,Surgery_Type
子宮頸部初期癌に対する光線力学療法,Surgery_Type
子宮頸部摘出術（腟部切断術を含む）,Surgery_Type
脊椎側彎症手術（固定術）,Surgery_Type
皮膚剥削術（２００ｃｍ２以上）,Surgery_Type
難治性骨折超音波治療法,Surgery_Type
涙点プラグ挿入術、涙点閉鎖術,Surgery_Type
移植用部分肝採取術（生体）,Surgery_Type
頭蓋内腫瘍摘出術（その他）,Surgery_Type
腟閉鎖症術（腟断端挙上）,Surgery_Type
自家採血輸血（２回目以降）,Surgery_Type
保存血液輸血（２回目以降）,Surgery_Type
自己血輸血（６歳未満）（液状保存）,Surgery_Type
自己血輸血（６歳未満）（凍結保存）,Surgery_Type
食道腫瘍摘出術（縦隔鏡下）,Surgery_Type
腱鞘切開術（関節鏡下によるものを含む）,Surgery_Type
腱切離・切除術（関節鏡下）,Surgery_Type
腱剥離術（関節鏡下によるものを含む）,Surgery_Type
骨折経皮的鋼線刺入固定術（その他）,Surgery_Type
骨折観血的手術（その他）,Surgery_Type
骨内異物（挿入物を含む）除去術（その他）,Surgery_Type
骨部分切除術（その他）,Surgery_Type
骨腫瘍切除術（その他）,Surgery_Type
変形治癒骨折矯正手術（その他）,Surgery_Type
靱帯断裂縫合術（その他の靱帯）,Surgery_Type
靱帯断裂形成手術（その他の靱帯）,Surgery_Type
粘膜弁手術（４ｃｍ２未満）,Surgery_Type
粘膜弁手術（４ｃｍ２以上）,Surgery_Type
関節鏡下三角線維軟骨複合体切除・縫合術,Surgery_Type
デュプイトレン拘縮手術（１指）,Surgery_Type
デュプイトレン拘縮手術（２指から３指）,Surgery_Type
デュプイトレン拘縮手術（４指以上）,Surgery_Type
広範囲頭蓋底腫瘍切除・再建術,Surgery_Type
経上顎洞的顎動脈結紮術,Surgery_Type
胸腔鏡下醸膿胸膜又は胸膜胼胝切除術,Surgery_Type
縦隔切開術（頸部から）,Surgery_Type
左心低形成症候群手術（ノルウッド手術）,Surgery_Type
小腸・結腸狭窄部拡張術（内視鏡）,Surgery_Type
陰茎持続勃起症手術（その他のシャント術）,Surgery_Type
精巣外傷手術（陰嚢内血腫除去術）,Surgery_Type
精巣外傷手術（精巣白膜縫合術）,Surgery_Type
子宮鏡下子宮中隔切除術,Surgery_Type
子宮内腔癒着切除術（癒着剥離術を含む）,Surgery_Type
腹腔鏡下子宮筋腫摘出（核出）術,Surgery_Type
子宮鏡下有茎粘膜下筋腫切出術,Surgery_Type
子宮内膜ポリープ切除術,Surgery_Type
骨折観血的手術（手舟状骨）,Surgery_Type
骨長調整手術（骨延長術）（指）,Surgery_Type
骨移植術（軟骨移植術を含む、自家骨移植）,Surgery_Type
頬腫瘍摘出術（粘液嚢胞摘出術）,Surgery_Type
腹腔鏡下食道アカラシア形成手術,Surgery_Type
下肢静脈瘤手術（高位結紮術）,Surgery_Type
胆管切開結石摘出術（胆嚢摘出を含む）,Surgery_Type
内視鏡的乳頭切開術（胆道砕石術を伴う）,Surgery_Type
小腸切除術（悪性腫瘍手術）,Surgery_Type
陰嚢水腫手術（交通性陰嚢水腫手術）,Surgery_Type
精索捻転手術（対側の精巣固定術を伴う）,Surgery_Type
喉頭ポリープ切除術（ファイバースコープ）,Surgery_Type
末梢神経遮断術（深腓骨神経）,Surgery_Type
末梢神経遮断術（腓腹神経）,Surgery_Type
腹腔鏡下多嚢胞性卵巣焼灼術,Surgery_Type
人工関節抜去術（胸鎖）,Surgery_Type
人工関節抜去術（肩鎖）,Surgery_Type
ステントグラフト内挿術（胸部大動脈）,Surgery_Type
ステントグラフト内挿術（腹部大動脈）,Surgery_Type
ステントグラフト内挿術（腸骨動脈）,Surgery_Type
水頭症手術（シャント手術）,Surgery_Type
補助人工心臓（３１日目以降）,Surgery_Type
両心室ペースメーカー移植術,Surgery_Type
経尿道的尿管ステント留置術,Surgery_Type
経尿道的尿管ステント抜去術,Surgery_Type
子宮内容除去術（不全流産）,Surgery_Type
腋臭症手術（皮膚有毛部切除術）,Surgery_Type
粘膜移植術（４ｃｍ２以上）,Surgery_Type
股関節周囲筋腱解離術（変形性股関節症）,Surgery_Type
四肢・躯幹軟部腫瘍摘出術（躯幹）,Surgery_Type
四肢・躯幹軟部悪性腫瘍手術（躯幹）,Surgery_Type
大腿骨近位部（転子間を含む）骨切り術,Surgery_Type
偽関節手術（手舟状骨）,Surgery_Type
化膿性又は結核性関節炎掻爬術（胸鎖）,Surgery_Type
化膿性又は結核性関節炎掻爬術（肩鎖）,Surgery_Type
関節鏡下関節滑膜切除術（肩）,Surgery_Type
関節鏡下関節滑膜切除術（股）,Surgery_Type
関節鏡下関節滑膜切除術（膝）,Surgery_Type
関節鏡下関節滑膜切除術（胸鎖）,Surgery_Type
関節鏡下関節滑膜切除術（肘）,Surgery_Type
関節鏡下関節滑膜切除術（手）,Surgery_Type
関節鏡下関節滑膜切除術（足）,Surgery_Type
関節鏡下関節滑膜切除術（肩鎖）,Surgery_Type
関節鏡下関節滑膜切除術（指）,Surgery_Type
関節鏡下滑液膜摘出術（肩）,Surgery_Type
関節鏡下滑液膜摘出術（股）,Surgery_Type
関節鏡下滑液膜摘出術（膝）,Surgery_Type
関節鏡下滑液膜摘出術（胸鎖）,Surgery_Type
関節鏡下滑液膜摘出術（肘）,Surgery_Type
関節鏡下滑液膜摘出術（手）,Surgery_Type
関節鏡下滑液膜摘出術（足）,Surgery_Type
関節鏡下滑液膜摘出術（肩鎖）,Surgery_Type
関節鏡下滑液膜摘出術（指）,Surgery_Type
関節鏡下膝蓋骨滑液嚢切除術,Surgery_Type
関節鏡下掌指関節滑膜切除術,Surgery_Type
関節鏡下関節鼠摘出手術（肩）,Surgery_Type
関節鏡下関節鼠摘出手術（股）,Surgery_Type
関節鏡下関節鼠摘出手術（膝）,Surgery_Type
関節鏡下関節鼠摘出手術（胸鎖）,Surgery_Type
関節鏡下関節鼠摘出手術（肘）,Surgery_Type
関節鏡下関節鼠摘出手術（手）,Surgery_Type
関節鏡下関節鼠摘出手術（足）,Surgery_Type
関節鏡下関節鼠摘出手術（肩鎖）,Surgery_Type
関節鏡下関節鼠摘出手術（指）,Surgery_Type
関節鏡下靱帯断裂縫合術（十字靱帯）,Surgery_Type
関節鏡下靱帯断裂縫合術（膝側副靱帯）,Surgery_Type
関節鏡下靱帯断裂縫合術（指）,Surgery_Type
関節鏡下靱帯断裂縫合術（その他の靱帯）,Surgery_Type
関節鏡下靱帯断裂形成手術（十字靱帯）,Surgery_Type
関節鏡下靱帯断裂形成手術（膝側副靱帯）,Surgery_Type
関節鏡下靱帯断裂形成手術（指）,Surgery_Type
関節鏡下靱帯断裂形成手術（その他の靱帯）,Surgery_Type
関節鏡下手根管開放手術,Surgery_Type
機能的定位脳手術（両側）,Surgery_Type
脳刺激装置植込術（両側）,Surgery_Type
神経交差縫合術（その他）,Surgery_Type
水晶体再建術（眼内レンズを挿入しない）,Surgery_Type
喉頭粘膜下軟骨片挿入術,Surgery_Type
声帯ポリープ切除術（間接喉頭鏡）,Surgery_Type
声帯ポリープ切除術（ファイバースコープ）,Surgery_Type
声帯ポリープ切除術（直達喉頭鏡）,Surgery_Type
口蓋腫瘍摘出術（口蓋粘膜に限局する）,Surgery_Type
口唇裂形成手術（両側）（口唇のみ）,Surgery_Type
肺切除術（気管支形成を伴う肺切除）,Surgery_Type
移植用肺採取術（死体）（両側）,Surgery_Type
食道腫瘍摘出術（胸腔鏡下）,Surgery_Type
心腔内粘液腫摘出術（単独）,Surgery_Type
経皮的冠動脈血栓吸引術,Surgery_Type
心室中隔穿孔閉鎖術（単独）,Surgery_Type
左室自由壁破裂修復術（単独）,Surgery_Type
ＤＫＳ吻合を伴う大動脈狭窄症手術,Surgery_Type
血管輪又は重複大動脈弓離断手術,Surgery_Type
巨大側副血管手術（肺内肺動脈統合術）,Surgery_Type
経皮的心房中隔欠損閉鎖術,Surgery_Type
肺動脈閉鎖症手術（単独）,Surgery_Type
肺動脈閉鎖症手術（ラステリ手術を伴う）,Surgery_Type
肺動脈閉鎖症手術（巨大側副血管術を伴う）,Surgery_Type
三尖弁閉鎖症手術（フォンタン手術）,Surgery_Type
三尖弁閉鎖症手術（心室中隔造成術）,Surgery_Type
単心室症手術（両方向性グレン手術）,Surgery_Type
単心室症手術（フォンタン手術）,Surgery_Type
両心室ペースメーカー交換術,Surgery_Type
動脈血栓内膜摘出術（内頸動脈）,Surgery_Type
リンパ節群郭清術（骨盤）,Surgery_Type
腹腔鏡下胃切除術（単純切除術）,Surgery_Type
腹腔鏡下胃切除術（悪性腫瘍手術）,Surgery_Type
腹腔鏡下胃全摘術（単純全摘術）,Surgery_Type
腹腔鏡下胃全摘術（悪性腫瘍手術）,Surgery_Type
移植用肝採取術（死体）,Surgery_Type
移植用膵採取術（死体）,Surgery_Type
移植用膵腎採取術（死体）,Surgery_Type
腹腔鏡下結腸悪性腫瘍切除術,Surgery_Type
内視鏡的結腸異物摘出術,Surgery_Type
腹腔鏡下先天性巨大結腸症手術,Surgery_Type
腹腔鏡下直腸切除・切断術（切除術）,Surgery_Type
腹腔鏡下鎖肛手術（腹会陰式）,Surgery_Type
腹腔鏡下鎖肛手術（腹仙骨式）,Surgery_Type
腹腔鏡下腎嚢胞切除縮小術,Surgery_Type
腹腔鏡下腎（尿管）悪性腫瘍手術,Surgery_Type
移植用腎採取術（死体）,Surgery_Type
膀胱尿管逆流現象コラーゲン注入手術,Surgery_Type
腹腔鏡下腹腔内停留精巣陰嚢内固定術,Surgery_Type
腹腔鏡下前立腺悪性腫瘍手術,Surgery_Type
腟壁裂創縫合術（直腸裂傷を伴う）,Surgery_Type
腟閉鎖術（中央腟閉鎖術（子宮全脱））,Surgery_Type
腟断端挙上術（腟式、腹式）,Surgery_Type
子宮頸部上皮内癌レーザー照射治療,Surgery_Type
子宮頸部異形成光線力学療法,Surgery_Type
腹腔鏡下広靱帯内腫瘍摘出術,Surgery_Type
子宮内反症整復手術（腹式）（非観血的）,Surgery_Type
自己血貯血（６歳以上）（液状保存）,Surgery_Type
自己血貯血（６歳以上）（凍結保存）,Surgery_Type
自己血貯血（６歳未満）（液状保存）,Surgery_Type
自己血貯血（６歳未満）（凍結保存）,Surgery_Type
全層植皮術（２５ｃｍ２未満）,Surgery_Type
全層植皮術（２００ｃｍ２以上）,Surgery_Type
減圧開頭術（キアリ奇形、脊髄空洞症）,Surgery_Type
頭蓋骨形成手術（骨移動を伴う）,Surgery_Type
緑内障手術（濾過手術）,Surgery_Type
上顎骨形成術（骨移動を伴う）,Surgery_Type
下顎骨形成術（骨移動を伴う）,Surgery_Type
移植用部分肺採取術（生体）,Surgery_Type
経皮的頸動脈ステント留置術,Surgery_Type
噴門側胃切除術（単純切除術）,Surgery_Type
噴門側胃切除術（悪性腫瘍切除術）,Surgery_Type
経皮的肝膿瘍ドレナージ術,Surgery_Type
虫垂切除術（虫垂周囲膿瘍を伴うもの）,Surgery_Type
腹腔鏡下結腸切除術（全切除、亜全切除）,Surgery_Type
腹腔鏡下直腸切除・切断術（切断術）,Surgery_Type
腹腔鏡下小切開副腎摘出術,Surgery_Type
腹腔鏡下小切開腎部分切除術,Surgery_Type
腹腔鏡下小切開腎摘出術,Surgery_Type
腹腔鏡下小切開腎（尿管）悪性腫瘍手術,Surgery_Type
腹腔鏡下移植用腎採取術（生体）,Surgery_Type
焦点式高エネルギー超音波療法,Surgery_Type
腹腔鏡下小切開前立腺悪性腫瘍手術,Surgery_Type
腱縫合術（切創等の創傷）（６歳未満）,Surgery_Type
皮膚移植術（死体）（２００ｃｍ２未満）,Surgery_Type
皮膚移植術（死体）（３０００ｃｍ２以上）,Surgery_Type
指伸筋腱脱臼観血的整復術,Surgery_Type
肩腱板断裂手術（簡単）,Surgery_Type
関節鏡下肩腱板断裂手術（簡単）,Surgery_Type
脊椎側彎症手術（矯正術）（初回挿入）,Surgery_Type
脊椎側彎症手術（矯正術）（交換術）,Surgery_Type
脊椎側彎症手術（矯正術）（伸展術）,Surgery_Type
脳血管内手術（２箇所以上）,Surgery_Type
鼻甲介切除術（高周波電気凝固法）,Surgery_Type
副咽頭間隙腫瘍摘出術（経頸部）,Surgery_Type
副咽頭間隙悪性腫瘍摘出術（経頸部）,Surgery_Type
嚥下機能手術（輪状咽頭筋切断術）,Surgery_Type
嚥下機能手術（喉頭挙上術）,Surgery_Type
嚥下機能手術（喉頭気管分離術）,Surgery_Type
嚥下機能手術（喉頭全摘術）,Surgery_Type
顎・口蓋裂形成手術（顎裂を伴う）（両側）,Surgery_Type
下顎関節突起骨折観血的手術（片側）,Surgery_Type
下顎関節突起骨折観血的手術（両側）,Surgery_Type
気管支内視鏡的放射線治療用マーカー留置術,Surgery_Type
光線力学療法（その他）,Surgery_Type
食道狭窄拡張術（拡張用バルーン）,Surgery_Type
食道空置バイパス作成術,Surgery_Type
植込型心電図記録計移植術,Surgery_Type
植込型心電図記録計摘出術,Surgery_Type
経皮的胸部血管拡張術（先天性心疾患術後）,Surgery_Type
ダメージコントロール手術,Surgery_Type
経皮的腹腔膿瘍ドレナージ術,Surgery_Type
内視鏡的胃、十二指腸ステント留置術,Surgery_Type
肝門部胆管悪性腫瘍手術（血行再建あり）,Surgery_Type
肝門部胆管悪性腫瘍手術（血行再建なし）,Surgery_Type
腹腔鏡下肝切除術（部分切除）,Surgery_Type
腹腔鏡下肝切除術（外側区域切除）,Surgery_Type
急性膵炎手術（感染性壊死部切除を伴う）,Surgery_Type
経肛門的内視鏡下手術（直腸腫瘍）,Surgery_Type
膀胱脱手術（メッシュ使用）,Surgery_Type
排泄腔外反症手術（外反膀胱閉鎖術）,Surgery_Type
排泄腔外反症手術（膀胱腸裂閉鎖術）,Surgery_Type
造血幹細胞採取（骨髄採取）（自家移植）,Surgery_Type
造血幹細胞移植（臍帯血移植）,Surgery_Type
植込み型病変識別マーカー留置術,Surgery_Type
経皮的放射線治療用金属マーカー留置術,Surgery_Type
難治性感染性偽関節手術（創外固定器）,Surgery_Type
関節鏡下自家骨軟骨移植術,Surgery_Type
関節鏡下関節内骨折観血的手術（肩）,Surgery_Type
関節鏡下関節内骨折観血的手術（股）,Surgery_Type
関節鏡下関節内骨折観血的手術（膝）,Surgery_Type
関節鏡下関節内骨折観血的手術（胸鎖）,Surgery_Type
関節鏡下関節内骨折観血的手術（肘）,Surgery_Type
関節鏡下関節内骨折観血的手術（手）,Surgery_Type
関節鏡下関節内骨折観血的手術（足）,Surgery_Type
関節鏡下関節内骨折観血的手術（肩鎖）,Surgery_Type
関節鏡下関節内骨折観血的手術（指）,Surgery_Type
肩腱板断裂手術（複雑）,Surgery_Type
関節鏡下肩腱板断裂手術（複雑）,Surgery_Type
手掌、足底腱膜切離・切除術（鏡視下）,Surgery_Type
手掌、足底腱膜切離・切除術（その他）,Surgery_Type
脳血管内手術（脳血管内ステント）,Surgery_Type
迷走神経刺激装置植込術,Surgery_Type
迷走神経刺激装置交換術,Surgery_Type
涙管チューブ挿入術（涙道内視鏡）,Surgery_Type
眼瞼内反症手術（皮膚切開法）,Surgery_Type
水晶体再建術（計画的後嚢切開を伴う）,Surgery_Type
下甲介粘膜レーザー焼灼術（両側）,Surgery_Type
顔面多発骨折変形治癒矯正術,Surgery_Type
胸腔鏡下胸管結紮術（乳糜胸手術）,Surgery_Type
縦隔悪性腫瘍手術（広汎摘出）,Surgery_Type
気管・気管支ステント留置術（軟性鏡）,Surgery_Type
気管支鏡下レーザー腫瘍焼灼術,Surgery_Type
胸腔鏡下肺切除術（その他）,Surgery_Type
肺悪性腫瘍手術（部分切除）,Surgery_Type
肺悪性腫瘍手術（区域切除）,Surgery_Type
肺悪性腫瘍手術（肺全摘）,Surgery_Type
肺悪性腫瘍手術（気管支形成を伴う肺切除）,Surgery_Type
胸腔鏡下肺悪性腫瘍手術（部分切除）,Surgery_Type
胸腔鏡下肺悪性腫瘍手術（区域切除）,Surgery_Type
胸腔鏡下食道憩室切除術,Surgery_Type
先天性食道狭窄症根治手術,Surgery_Type
胸腔鏡下（腹腔鏡下を含む）横隔膜縫合術,Surgery_Type
植込型補助人工心臓（非拍動流型）（初日）,Surgery_Type
経皮的シャント拡張術・血栓除去術,Surgery_Type
下肢静脈瘤血管内焼灼術,Surgery_Type
下大静脈フィルター除去術,Surgery_Type
腹腔鏡下骨盤内リンパ節群郭清術,Surgery_Type
腹腔鏡下ヘルニア手術（腹壁瘢痕ヘルニア）,Surgery_Type
腹腔鏡下ヘルニア手術（大腿ヘルニア）,Surgery_Type
腹腔鏡下汎発性腹膜炎手術,Surgery_Type
腹腔鏡下大網、腸間膜、後腹膜腫瘍摘出術,Surgery_Type
内視鏡的胃、十二指腸狭窄拡張術,Surgery_Type
腹腔鏡下食道下部迷走神経切断術（幹迷切）,Surgery_Type
経皮経食道胃管挿入術（ＰＴＥＧ）,Surgery_Type
内視鏡的経鼻胆管ドレナージ術（ＥＮＢＤ）,Surgery_Type
超音波内視鏡下瘻孔形成術（腹腔内膿瘍）,Surgery_Type
内視鏡的胆道結石除去術（その他）,Surgery_Type
肝切除術（亜区域切除）,Surgery_Type
肝切除術（外側区域切除）,Surgery_Type
肝切除術（２区域切除）,Surgery_Type
肝切除術（３区域切除以上）,Surgery_Type
肝切除術（２区域切除以上で血行再建）,Surgery_Type
内視鏡的膵管ステント留置術,Surgery_Type
腹腔鏡下小腸切除術（悪性腫瘍手術）,Surgery_Type
全結腸・直腸切除嚢肛門吻合術,Surgery_Type
早期悪性腫瘍大腸粘膜下層剥離術,Surgery_Type
腹腔鏡下腸瘻、虫垂瘻造設術,Surgery_Type
腹腔鏡下腸回転異常症手術,Surgery_Type
下部消化管ステント留置術,Surgery_Type
低侵襲経肛門的局所切除術（ＭＩＴＡＳ）,Surgery_Type
腹腔鏡下副腎悪性腫瘍手術,Surgery_Type
腎腫瘍凝固・焼灼術（冷凍凝固）,Surgery_Type
経尿道的尿路結石除去術（レーザー）,Surgery_Type
膀胱尿管逆流症手術（治療用注入材）,Surgery_Type
人工尿道括約筋植込・置換術,Surgery_Type
子宮鏡下子宮内膜焼灼術,Surgery_Type
腹腔鏡下子宮腟上部切断術,Surgery_Type
内視鏡的胎盤吻合血管レーザー焼灼術,Surgery_Type
自己生体組織接着剤作成術,Surgery_Type
胎児胸腔・羊水腔シャント術,Surgery_Type
植込型骨導補聴器移植術,Surgery_Type
植込型骨導補聴器交換術,Surgery_Type
自家培養軟骨組織採取術,Surgery_Type
組織拡張器による再建手術（その他）,Surgery_Type
内視鏡下脳内血腫除去術,Surgery_Type
空洞・くも膜下腔シャント術（脊髄空洞症）,Surgery_Type
仙骨神経刺激装置交換術,Surgery_Type
胸腔鏡下拡大胸腺摘出術,Surgery_Type
胸腔鏡下縦隔悪性腫瘍手術,Surgery_Type
肺悪性腫瘍手術（胸膜肺全摘）,Surgery_Type
非開胸食道抜去術（消化管再建手術を併施）,Surgery_Type
経皮的冠動脈形成術（急性心筋梗塞）,Surgery_Type
経皮的冠動脈形成術（不安定狭心症）,Surgery_Type
経皮的冠動脈形成術（その他）,Surgery_Type
経皮的冠動脈ステント留置術（その他）,Surgery_Type
胸腔鏡下動脈管開存閉鎖術,Surgery_Type
内視鏡下下肢静脈瘤不全穿通枝切離術,Surgery_Type
腹腔鏡下小切開骨盤内リンパ節群郭清術,Surgery_Type
腹腔鏡下小切開後腹膜リンパ節群郭清術,Surgery_Type
腹腔鏡下小切開後腹膜腫瘍摘出術,Surgery_Type
腹腔鏡下小切開後腹膜悪性腫瘍手術,Surgery_Type
腹腔鏡下胃吊上げ固定術（胃下垂症手術）,Surgery_Type
腹腔鏡下胃局所切除術（内視鏡処置を併施）,Surgery_Type
腹腔鏡下胃局所切除術（その他）,Surgery_Type
腹腔鏡下噴門側胃切除術（単純切除術）,Surgery_Type
腹腔鏡下噴門側胃切除術（悪性腫瘍切除術）,Surgery_Type
腹腔鏡下胃縮小術（スリーブ状切除）,Surgery_Type
肝悪性腫瘍マイクロ波凝固法（腹腔鏡）,Surgery_Type
肝悪性腫瘍マイクロ波凝固法（その他）,Surgery_Type
腹腔鏡下副腎髄質腫瘍摘出術（褐色細胞腫）,Surgery_Type
腹腔鏡下小切開尿管腫瘍摘出術,Surgery_Type
腹腔鏡下小切開膀胱腫瘍摘出術,Surgery_Type
腹腔鏡下膀胱部分切除術,Surgery_Type
経尿道的前立腺手術（電解質溶液利用）,Surgery_Type
経尿道的前立腺手術（その他）,Surgery_Type
経皮的卵巣嚢腫内容排除術,Surgery_Type
経皮的脳血管ステント留置術,Surgery_Type
オープン型ステントグラフト内挿術（弓部）,Surgery_Type
オープン型ステントグラフト内挿術（下行）,Surgery_Type
小児補助人工心臓（初日）,Surgery_Type
小児補助人工心臓（３１日目以降）,Surgery_Type
内視鏡的食道悪性腫瘍光線力学療法,Surgery_Type
植込型除細動器移植術（皮下植込型リード）,Surgery_Type
関節鏡下肩関節唇形成術（腱板断裂を伴う）,Surgery_Type
関節鏡下股関節唇形成術,Surgery_Type
内視鏡下経鼻的腫瘍摘出術（下垂体腫瘍）,Surgery_Type
内視鏡下鼻中隔手術１型（骨、軟骨手術）,Surgery_Type
内視鏡下鼻中隔手術２型（粘膜手術）,Surgery_Type
内視鏡下鼻腔手術１型（下鼻甲介手術）,Surgery_Type
内視鏡下鼻腔手術２型（鼻腔内手術）,Surgery_Type
内視鏡下鼻腔手術３型（鼻孔閉鎖症手術）,Surgery_Type
胸腔鏡下先天性食道閉鎖症根治手術,Surgery_Type
植込型除細動器移植術（経静脈リード）,Surgery_Type
骨格筋由来細胞シート心表面移植術,Surgery_Type
血管移植術、バイパス移植術（膝窩動脈）,Surgery_Type
経皮的血管内異物除去術,Surgery_Type
腹腔鏡下ヘルニア手術（臍ヘルニア）,Surgery_Type
腹腔鏡下ヘルニア手術（閉鎖孔ヘルニア）,Surgery_Type
腹腔鏡下総胆管拡張症手術,Surgery_Type
胆管悪性腫瘍手術（その他）,Surgery_Type
腹腔鏡下肝切除術（亜区域切除）,Surgery_Type
腹腔鏡下肝切除術（２区域切除）,Surgery_Type
腹腔鏡下肝切除術（３区域切除以上）,Surgery_Type
腹腔鏡下膵体尾部腫瘍切除術（脾同時切除）,Surgery_Type
腹腔鏡下膵体尾部腫瘍切除術（脾温存）,Surgery_Type
腹腔鏡下膵頭十二指腸切除術,Surgery_Type
腹腔鏡下腸重積症整復術,Surgery_Type
腹腔鏡下人工肛門造設術,Surgery_Type
直腸脱手術（経会陰）（腸管切除を伴う）,Surgery_Type
経尿道的腎盂尿管凝固止血術,Surgery_Type
希釈式自己血輸血（６歳以上）,Surgery_Type
希釈式自己血輸血（６歳未満）,Surgery_Type
一時的創外固定骨折治療術,Surgery_Type
肩甲関節周囲沈着石灰摘出術（観血的）,Surgery_Type
肩甲関節周囲沈着石灰摘出術（関節鏡下）,Surgery_Type
関節鏡下関節授動術（肩）,Surgery_Type
関節鏡下関節授動術（股）,Surgery_Type
関節鏡下関節授動術（膝）,Surgery_Type
関節鏡下関節授動術（胸鎖）,Surgery_Type
関節鏡下関節授動術（肘）,Surgery_Type
関節鏡下関節授動術（手）,Surgery_Type
関節鏡下関節授動術（足）,Surgery_Type
関節鏡下関節授動術（肩鎖）,Surgery_Type
関節鏡下関節授動術（指）,Surgery_Type
自家肋骨肋軟骨関節全置換術,Surgery_Type
後縦靱帯骨化症手術（前方進入）,Surgery_Type
神経再生誘導術（その他）,Surgery_Type
脊髄刺激装置植込術（脊髄刺激電極を留置）,Surgery_Type
鼓室形成手術（耳小骨温存術）,Surgery_Type
鼓室形成手術（耳小骨再建術）,Surgery_Type
喉頭形成手術（甲状軟骨固定用器具使用）,Surgery_Type
内視鏡下甲状腺悪性腫瘍手術（切除）,Surgery_Type
乳腺腫瘍画像ガイド下吸引術（ＭＲＩ）,Surgery_Type
食道縫合術（穿孔、損傷）（内視鏡）,Surgery_Type
硬性内視鏡下食道異物摘出術,Surgery_Type
腹腔鏡下食道憩室切除術,Surgery_Type
縦隔鏡下食道悪性腫瘍手術,Surgery_Type
胸腔鏡下弁形成術（１弁）,Surgery_Type
胸腔鏡下弁形成術（２弁）,Surgery_Type
胸腔鏡下弁置換術（１弁）,Surgery_Type
胸腔鏡下弁置換術（２弁）,Surgery_Type
経皮的僧帽弁クリップ術,Surgery_Type
ステントグラフト内挿術（血管損傷）,Surgery_Type
末梢動静脈瘻造設術（静脈転位を伴う）,Surgery_Type
末梢動静脈瘻造設術（その他）,Surgery_Type
内視鏡下胃、十二指腸穿孔瘻孔閉鎖術,Surgery_Type
バルーン閉塞下逆行性経静脈的塞栓術,Surgery_Type
腹腔鏡下胆道閉鎖症手術,Surgery_Type
経皮経肝バルーン拡張術,Surgery_Type
移植用部分小腸採取術（生体）,Surgery_Type
移植用小腸採取術（死体）,Surgery_Type
小腸瘻閉鎖術（内視鏡）,Surgery_Type
結腸瘻閉鎖術（内視鏡）,Surgery_Type
腎（腎盂）腸瘻閉鎖術（内視鏡）,Surgery_Type
腎（腎盂）腸瘻閉鎖術（その他）,Surgery_Type
尿管腸瘻閉鎖術（内視鏡）,Surgery_Type
尿管腸瘻閉鎖術（その他）,Surgery_Type
膀胱腸瘻閉鎖術（内視鏡）,Surgery_Type
膀胱腸瘻閉鎖術（その他）,Surgery_Type
顕微鏡下精索静脈瘤手術,Surgery_Type
腟腸瘻閉鎖術（内視鏡）,Surgery_Type
腟腸瘻閉鎖術（その他）,Surgery_Type
流産手術（妊娠１１週まで）（その他）,Surgery_Type
術中術後自己血回収術（濃縮及び洗浄）,Surgery_Type
術中術後自己血回収術（濾過）,Surgery_Type
自己クリオプレシピテート作製術,Surgery_Type
乳房切除術（性同一性障害）,Surgery_Type
尿道形成手術（前部尿道）（性同一性障害）,Surgery_Type
尿道下裂形成手術（性同一性障害）,Surgery_Type
陰茎形成術（性同一性障害）,Surgery_Type
陰茎全摘術（性同一性障害）,Surgery_Type
精巣摘出術（性同一性障害）,Surgery_Type
造腟術（遊離植皮）（性同一性障害）,Surgery_Type
腟閉鎖症術（遊離植皮）（性同一性障害）,Surgery_Type
造腟術（腸管形成）（性同一性障害）,Surgery_Type
腟閉鎖症術（腸管形成）（性同一性障害）,Surgery_Type
造腟術（筋皮弁移植）（性同一性障害）,Surgery_Type
腟閉鎖症術（筋皮弁移植）（性同一性障害）,Surgery_Type
子宮全摘術（性同一性障害）,Surgery_Type
腹腔鏡下腟式子宮全摘術（性同一性障害）,Surgery_Type
無心体双胎に対するラジオ波焼灼術,Surgery_Type
チサゲンレクルユーセルの投与,Surgery_Type
横隔神経電気刺激装置植込術,Surgery_Type
経皮的卵円孔開存閉鎖術,Surgery_Type
放射線治療用合成吸収性材料留置,Surgery_Type
抗悪性腫瘍剤動脈内持続注入用植込型カテーテル設置（開腹）,Surgery_Type
抗悪性腫瘍剤動脈内持続注入用植込型カテーテル設置（四肢）,Surgery_Type
抗悪性腫瘍剤動脈内持続注入用植込型カテーテル設置（頭頸部その他）,Surgery_Type
中心静脈注射用植込型カテーテル設置（四肢）,Surgery_Type
中心静脈注射用植込型カテーテル設置（頭頸部その他）,Surgery_Type
抗悪性腫瘍剤静脈内持続注入用植込型カテーテル設置（開腹）,Surgery_Type
抗悪性腫瘍剤静脈内持続注入用植込型カテーテル設置（四肢）,Surgery_Type
抗悪性腫瘍剤静脈内持続注入用植込型カテーテル設置（頭頸部その他）,Surgery_Type
抗悪性腫瘍剤腹腔内持続注入用植込型カテーテル設置（開腹）,Surgery_Type
創傷処理（筋肉、臓器に達しない）（長径５ｃｍ未満）,Surgery_Type
創傷処理（筋肉、臓器に達しない）（長径５ｃｍ以上１０ｃｍ未満）,Surgery_Type
創傷処理（筋肉、臓器に達する）（長径５ｃｍ未満）,Surgery_Type
創傷処理（筋肉、臓器に達する）（長径５ｃｍ以上１０ｃｍ未満）,Surgery_Type
皮膚切開術（長径１０ｃｍ以上２０ｃｍ未満）,Surgery_Type
デブリードマン（１００ｃｍ２以上３０００ｃｍ２未満）,Surgery_Type
皮膚皮下粘膜下血管腫摘出術（露出部、長径３ｃｍ未満）,Surgery_Type
皮膚皮下粘膜下血管腫摘出術（露出部、長径３ｃｍ～６ｃｍ未満）,Surgery_Type
皮膚、皮下腫瘍摘出術（露出部）（長径２ｃｍ未満）,Surgery_Type
皮膚、皮下腫瘍摘出術（露出部）（長径２ｃｍ以上４ｃｍ未満）,Surgery_Type
皮膚、皮下腫瘍摘出術（露出部以外）（長径３ｃｍ未満）,Surgery_Type
皮膚、皮下腫瘍摘出術（露出部以外）（長径３ｃｍ以上６ｃｍ未満）,Surgery_Type
皮膚腫瘍冷凍凝固摘出術（長径３ｃｍ未満の悪性皮膚腫瘍）,Surgery_Type
皮膚腫瘍冷凍凝固摘出術（長径３ｃｍ以上６ｃｍ未満の悪性皮膚腫瘍）,Surgery_Type
皮膚剥削術（２５ｃｍ２以上１００ｃｍ２未満）,Surgery_Type
分層植皮術（２５ｃｍ２以上１００ｃｍ２未満）,Surgery_Type
分層植皮術（１００ｃｍ２以上２００ｃｍ２未満）,Surgery_Type
皮弁作成術、移動術、切断術、遷延皮弁術（２５ｃｍ２未満）,Surgery_Type
皮弁作成術、移動術、切断術、遷延皮弁術（２５～１００ｃｍ２未満）,Surgery_Type
皮弁作成術、移動術、切断術、遷延皮弁術（１００ｃｍ２以上）,Surgery_Type
自家遊離複合組織移植術（顕微鏡下血管柄付き）,Surgery_Type
腱鞘切開術（関節鏡下によるものを含む）（指）,Surgery_Type
腱剥離術（関節鏡下によるものを含む）（指）,Surgery_Type
骨移植術（軟骨移植術を含む、同種骨移植、生体）,Surgery_Type
先天性股関節脱臼非観血的整復術（両側）（リーメンビューゲル法）,Surgery_Type
先天性股関節脱臼非観血的整復術（両側）（その他）,Surgery_Type
ガングリオン摘出術（その他）（ヒグローム摘出術を含む）,Surgery_Type
骨盤骨折観血的手術（腸骨翼及び寛骨臼骨折観血的手術を除く）,Surgery_Type
脊椎骨（軟骨）組織採取術（試験切除）（棘突起）,Surgery_Type
脊椎骨（軟骨）組織採取術（試験切除）（腸骨翼）,Surgery_Type
脊椎骨（軟骨）組織採取術（試験切除）（その他）,Surgery_Type
骨盤骨（軟骨）組織採取術（試験切除）（棘突起）,Surgery_Type
骨盤骨（軟骨）組織採取術（試験切除）（腸骨翼）,Surgery_Type
骨盤骨（軟骨）組織採取術（試験切除）（その他）,Surgery_Type
眼窩骨折観血的手術（眼窩ブローアウト骨折手術を含む）,Surgery_Type
喉頭悪性腫瘍手術（頸部、胸部、腹部等の操作による再建を含む）,Surgery_Type
下咽頭悪性腫瘍手術（頸部、胸部、腹部等の操作による再建を含む）,Surgery_Type
喉頭形成手術（人工形成材料挿置術、軟骨片挿置術）,Surgery_Type
喉頭形成手術（筋弁転位術、軟骨転位術、軟骨除去術）,Surgery_Type
気管形成手術（管状気管、気管移植等）（頸部から）,Surgery_Type
口唇裂形成手術（片側）（口唇裂鼻形成を伴う）,Surgery_Type
口唇裂形成手術（片側）（鼻腔底形成を伴う）,Surgery_Type
甲状腺部分切除術、甲状腺腫摘出術（片葉のみ）,Surgery_Type
副甲状腺（上皮小体）腺腫過形成手術（副甲状腺摘出術）,Surgery_Type
副甲状腺（上皮小体）腺腫過形成手術（副甲状腺全摘、一部筋肉移植）,Surgery_Type
乳腺悪性腫瘍手術（単純乳房切除術（乳腺全摘術））,Surgery_Type
乳腺悪性腫瘍手術（乳房切除術・胸筋切除を併施しない）,Surgery_Type
乳腺悪性腫瘍手術（乳房切除術・胸筋切除を併施する）,Surgery_Type
乳腺悪性腫瘍手術（拡大乳房切除術（郭清を併施する））,Surgery_Type
醸膿胸膜、胸膜胼胝切除術（１肺葉に相当する範囲以内）,Surgery_Type
醸膿胸膜、胸膜胼胝切除術（１肺葉に相当する範囲を超える）,Surgery_Type
胸郭形成手術（膿胸手術）（肋骨切除を主とする）,Surgery_Type
胸郭形成手術（膿胸手術）（胸膜胼胝切除を併施する）,Surgery_Type
気管支腫瘍摘出術（気管支鏡又は気管支ファイバースコープ）,Surgery_Type
食道悪性腫瘍手術（単に切除のみ）（頸部食道）,Surgery_Type
食道悪性腫瘍手術（単に切除のみ）（胸部食道）,Surgery_Type
胸壁外皮膚管形成吻合術（頸部、胸部、腹部操作）,Surgery_Type
食道悪性腫瘍手術（消化管再建手術併施）（頸部、胸部、腹部の操作）,Surgery_Type
食道悪性腫瘍手術（消化管再建手術併施）（胸部、腹部の操作）,Surgery_Type
食道悪性腫瘍手術（消化管再建手術併施）（腹部の操作）,Surgery_Type
食道・胃静脈瘤手術（血行遮断術を主とする）,Surgery_Type
食道・胃静脈瘤手術（食道離断術を主とする）,Surgery_Type
体動脈肺動脈短絡手術（ブラロック手術、ウォーターストン手術）,Surgery_Type
肺動脈狭窄症手術（肺動脈弁切開術（単独））,Surgery_Type
大血管転位症手術（心室中隔欠損閉鎖術を伴う）,Surgery_Type
心房中隔欠損作成術（経皮的心房中隔欠損作成術（ラシュキンド法））,Surgery_Type
心房中隔欠損閉鎖術（肺動脈弁狭窄を合併する）,Surgery_Type
心室中隔欠損閉鎖術（肺動脈絞扼術後肺動脈形成を伴う）,Surgery_Type
大血管転位症手術（マスタード・セニング手術）,Surgery_Type
心室中隔欠損閉鎖術（右室流出路形成を伴う）,Surgery_Type
肺動脈狭窄症手術（右室流出路形成又は肺動脈形成を伴う）,Surgery_Type
心室瘤切除術（冠動脈血行再建術（１吻合）を伴う）,Surgery_Type
肺静脈還流異常症手術（部分肺静脈還流異常）,Surgery_Type
冠動脈形成術（血栓内膜摘除）（２箇所以上）,Surgery_Type
冠動脈、大動脈バイパス移植術（２吻合以上）,Surgery_Type
ファロー四徴症手術（右室流出路形成術を伴う）,Surgery_Type
ファロー四徴症手術（末梢肺動脈形成術を伴う）,Surgery_Type
両大血管右室起始症手術（右室流出路形成を伴う）,Surgery_Type
不完全型房室中隔欠損症手術（心房中隔欠損パッチ閉鎖術（単独））,Surgery_Type
不完全型房室中隔欠損症手術（心房中隔欠損パッチ閉鎖及び弁形成術）,Surgery_Type
大動脈バルーンパンピング法（ＩＡＢＰ法）（初日）,Surgery_Type
大動脈バルーンパンピング法（ＩＡＢＰ法）（２日目以降）,Surgery_Type
動脈形成術、吻合術（胸腔内動脈）（大動脈を除く）,Surgery_Type
動脈形成術、吻合術（腹腔内動脈）（大動脈を除く）,Surgery_Type
血管吻合術及び神経再接合術（上腕動脈、正中神経及び尺骨神経）,Surgery_Type
動脈管開存症手術（動脈管開存閉鎖術（直視下））,Surgery_Type
腎血管性高血圧症手術（経皮的腎血管拡張術）,Surgery_Type
血管移植術、バイパス移植術（頭、頸部動脈）,Surgery_Type
血管移植術、バイパス移植術（その他の動脈）,Surgery_Type
リンパ節群郭清術（顎下部又は舌下部）（浅在性）,Surgery_Type
大網、腸間膜、後腹膜腫瘍摘出術（腸切除を伴わない）,Surgery_Type
大網、腸間膜、後腹膜腫瘍摘出術（腸切除を伴う）,Surgery_Type
胃、十二指腸憩室切除術・ポリープ切除術（開腹）,Surgery_Type
内視鏡的胃、十二指腸ポリープ・粘膜切除術（その他）,Surgery_Type
胆嚢悪性腫瘍手術（胆嚢に限局するもの（リンパ節郭清を含む））,Surgery_Type
食道下部迷走神経切除術（幹迷切）（ドレナージを併施）,Surgery_Type
食道下部迷走神経切除術（幹迷切）（胃切除術を併施）,Surgery_Type
食道下部迷走神経選択的切除術（ドレナージを併施）,Surgery_Type
食道下部迷走神経選択的切除術（胃切除術を併施）,Surgery_Type
胃瘻造設術（経皮的内視鏡下胃瘻造設術、腹腔鏡下胃瘻造設術を含む）,Surgery_Type
内視鏡的胆道結石除去術（胆道砕石術を伴う）,Surgery_Type
膵体尾部腫瘍切除術（膵尾部切除術）（脾同時切除）,Surgery_Type
膵体尾部腫瘍切除術（リンパ節・神経叢郭清等を伴う腫瘍切除術）,Surgery_Type
腸閉塞症手術（腸重積症整復術）（非観血的）,Surgery_Type
腸閉塞症手術（小腸切除術）（悪性腫瘍手術以外の切除術）,Surgery_Type
腸閉塞症手術（結腸切除術）（結腸半側切除）,Surgery_Type
腸閉塞症手術（結腸切除術）（全切除、亜全切除又は悪性腫瘍手術）,Surgery_Type
小腸腫瘍、小腸憩室摘出術（メッケル憩室炎手術を含む）,Surgery_Type
結腸切除術（全切除、亜全切除又は悪性腫瘍手術）,Surgery_Type
内視鏡的大腸ポリープ・粘膜切除術（長径２ｃｍ以上）,Surgery_Type
痔核手術（脱肛を含む）（根治手術（硬化療法）を伴わない）,Surgery_Type
経尿道的尿管結石摘出（透視下にバスケットワイヤーカテーテル使用）,Surgery_Type
腎部分切除術（腎空洞切開術・腎盂尿管移行部形成術併施）,Surgery_Type
経尿道的尿管凝血除去術（バスケットワイヤーカテーテル使用）,Surgery_Type
膀胱単純摘除術（腸管利用の尿路変更を行う）,Surgery_Type
膀胱悪性腫瘍手術（全摘（尿路変更を行わない））,Surgery_Type
尿失禁手術（恥骨固定式膀胱頸部吊上術を行うもの）,Surgery_Type
バルトリン腺嚢胞腫瘍摘出術（造袋術を含む）,Surgery_Type
女子外性器悪性腫瘍手術（皮膚移植（筋皮弁使用））,Surgery_Type
腟壁裂創縫合術（分娩時を除く）（前壁裂創）,Surgery_Type
腟壁裂創縫合術（分娩時を除く）（後壁裂創）,Surgery_Type
腟壁裂創縫合術（分娩時を除く）（前後壁裂創）,Surgery_Type
腟壁裂創縫合術（分娩時を除く）（腟円蓋に及ぶ裂創）,Surgery_Type
子宮脱手術（腟壁形成手術及び子宮位置矯正術）,Surgery_Type
子宮脱手術（腟壁形成手術及び子宮全摘術）（腟式、腹式）,Surgery_Type
卵管形成手術（卵管・卵巣移植、卵管架橋等）,Surgery_Type
会陰（腟壁）裂創縫合術（分娩時）（筋層に及ぶ）,Surgery_Type
会陰（腟壁）裂創縫合術（分娩時）（肛門に及ぶ）,Surgery_Type
会陰（腟壁）裂創縫合術（分娩時）（腟円蓋に及ぶ）,Surgery_Type
会陰（腟壁）裂創縫合術（分娩時）（直腸裂創を伴う）,Surgery_Type
子宮頸管縫縮術（縫縮解除術）（チューブ抜去術）,Surgery_Type
自家製造した血液成分製剤を用いた注射の手技料（１回目）,Surgery_Type
脳動脈瘤流入血管クリッピング（開頭）（１箇所）,Surgery_Type
脳動脈瘤流入血管クリッピング（開頭）（２箇所以上）,Surgery_Type
大動脈瘤切除術（上行）（弁置換術又は形成術）,Surgery_Type
大動脈瘤切除術（腹部大動脈（分枝血管の再建））,Surgery_Type
膀胱悪性腫瘍手術（全摘（尿管Ｓ状結腸吻合利用で尿路変更を行う））,Surgery_Type
膀胱悪性腫瘍手術（全摘（回腸又は結腸導管利用で尿路変更を行う））,Surgery_Type
膀胱悪性腫瘍手術（全摘（代用膀胱利用で尿路変更を行う））,Surgery_Type
膀胱悪性腫瘍手術（経尿道的手術）（その他）,Surgery_Type
水晶体再建術（眼内レンズを挿入）（その他）,Surgery_Type
レックリングハウゼン病偽神経腫切除術（露出部）１,Surgery_Type
レックリングハウゼン病偽神経腫切除術（露出部）２,Surgery_Type
レックリングハウゼン病偽神経腫切除術（露出部以外）１,Surgery_Type
レックリングハウゼン病偽神経腫切除術（露出部以外）２,Surgery_Type
皮膚皮下粘膜下血管腫摘出術（露出部以外、長径３ｃｍ未満）,Surgery_Type
皮膚皮下粘膜下血管腫摘出術（露出部以外、長径３ｃｍ～６ｃｍ未満）,Surgery_Type
顎関節授動術（徒手的授動術）（パンピングを併用）,Surgery_Type
乳腺悪性腫瘍手術（乳房部分切除術（腋窩部郭清を伴う））,Surgery_Type
造血幹細胞移植（末梢血幹細胞移植）（自家移植）,Surgery_Type
胸腔鏡下肺切除術（肺嚢胞手術（楔状部分切除））,Surgery_Type
胸壁外皮膚管形成吻合術（バイパスのみ作成）,Surgery_Type
腹腔鏡下小腸切除術（悪性腫瘍手術以外の切除術）,Surgery_Type
腹腔鏡下虫垂切除術（虫垂周囲膿瘍を伴うもの）,Surgery_Type
皮膚、皮下腫瘍摘出術（露出部）（長径４ｃｍ以上）,Surgery_Type
皮膚、皮下腫瘍摘出術（露出部以外）（長径６ｃｍ以上１２ｃｍ未満）,Surgery_Type
皮膚剥削術（１００ｃｍ２以上２００ｃｍ２未満）,Surgery_Type
硝子体茎顕微鏡下離断術（網膜付着組織を含む）,Surgery_Type
内視鏡的食道粘膜切除術（早期悪性腫瘍粘膜切除術）,Surgery_Type
大動脈瘤切除術（上行・弓部同時）（その他）,Surgery_Type
内視鏡的胃、十二指腸ポリープ・粘膜切除術（早期悪性腫瘍ポリープ）,Surgery_Type
内視鏡的胃、十二指腸ポリープ・粘膜切除術（早期悪性腫瘍粘膜）,Surgery_Type
腹腔鏡下胆管切開結石摘出術（胆嚢摘出を含む）,Surgery_Type
腹腔鏡下胆管切開結石摘出術（胆嚢摘出を含まない）,Surgery_Type
膵体尾部腫瘍切除術（周辺臓器の合併切除を伴う腫瘍切除術）,Surgery_Type
膵体尾部腫瘍切除術（血行再建を伴う腫瘍切除術）,Surgery_Type
腹腔鏡下結腸切除術（小範囲切除、結腸半側切除）,Surgery_Type
レックリングハウゼン病偽神経腫切除術（露出部）３,Surgery_Type
レックリングハウゼン病偽神経腫切除術（露出部以外）３,Surgery_Type
光線力学療法（早期肺がん（０期又は１期に限る））,Surgery_Type
脊椎固定術、椎弓切除術、椎弓形成術（前方椎体固定）,Surgery_Type
脊椎固定術、椎弓切除術、椎弓形成術（後方又は後側方固定）,Surgery_Type
皮膚腫瘍冷凍凝固摘出術（長径６ｃｍ以上の良性皮膚腫瘍）,Surgery_Type
皮膚腫瘍冷凍凝固摘出術（長径６ｃｍ以上の悪性皮膚腫瘍）,Surgery_Type
皮膚皮下粘膜下血管腫摘出術（露出部、長径６ｃｍ以上）,Surgery_Type
皮膚皮下粘膜下血管腫摘出術（露出部以外、長径６ｃｍ以上）,Surgery_Type
創傷処理（筋肉、臓器に達しない）（長径１０ｃｍ以上）,Surgery_Type
経皮的冠動脈形成術（高速回転式経皮経管アテレクトミーカテーテル）,Surgery_Type
内視鏡的大腸ポリープ・粘膜切除術（長径２ｃｍ未満）,Surgery_Type
自家製造した血液成分製剤を用いた注射の手技料（２回目以降）,Surgery_Type
肺縫縮術（肺気腫に対する正中切開）（楔状部分切除）,Surgery_Type
顕微鏡使用によるてんかん手術（焦点切除術）,Surgery_Type
顕微鏡使用によるてんかん手術（側頭葉切除術）,Surgery_Type
顕微鏡使用によるてんかん手術（脳梁離断術）,Surgery_Type
ロス手術（自己肺動脈弁組織による大動脈基部置換術）,Surgery_Type
陰茎持続勃起症手術（亀頭－陰茎海綿体瘻作成術（ウィンター法））,Surgery_Type
膵頭部腫瘍切除術（リンパ節・神経叢郭清等を伴う腫瘍切除術）,Surgery_Type
膵頭部腫瘍切除術（十二指腸温存膵頭切除術）,Surgery_Type
膵頭部腫瘍切除術（周辺臓器の合併切除を伴う腫瘍切除術）,Surgery_Type
膵頭部腫瘍切除術（血行再建を伴う腫瘍切除術）,Surgery_Type
直腸切除・切断術（超低位前方切除術）（経肛門的結腸嚢肛門吻合）,Surgery_Type
造血幹細胞移植（末梢血幹細胞移植）（同種移植）,Surgery_Type
腸閉塞症手術（小腸切除術）（悪性腫瘍手術）,Surgery_Type
経皮的選択的脳血栓・塞栓溶解術（頭蓋内脳血管）,Surgery_Type
経皮的選択的脳血栓・塞栓溶解術（頸部脳血管）（内頸、椎骨動脈）,Surgery_Type
水頭症手術（脳室穿破術）（神経内視鏡手術による）,Surgery_Type
乳腺悪性腫瘍手術（乳房部分切除術（腋窩部郭清を伴わない））,Surgery_Type
骨移植術（移植用骨採取のみ、自家骨移植、棘突起）,Surgery_Type
骨移植術（移植用骨採取のみ、自家骨移植、腸骨翼）,Surgery_Type
骨移植術（移植用骨採取のみ、自家骨移植、その他）,Surgery_Type
先天性胆管拡張症に対する手術（胃切除、総胆管切除等併施）,Surgery_Type
小児創傷処理（筋肉、臓器に達する、長径２.５ｃｍ未満）,Surgery_Type
小児創傷処理（筋肉、臓器に達する、長径２.５ｃｍ～５ｃｍ未満）,Surgery_Type
小児創傷処理（筋肉、臓器に達する、長径５ｃｍ～１０ｃｍ未満）,Surgery_Type
小児創傷処理（筋肉、臓器に達する、長径１０ｃｍ以上）,Surgery_Type
小児創傷処理（筋肉、臓器に達しない、長径２.５ｃｍ未満）,Surgery_Type
小児創傷処理（筋肉、臓器に達しない、長径２.５ｃｍ～５ｃｍ未満）,Surgery_Type
小児創傷処理（筋肉、臓器に達しない、長径５ｃｍ～１０ｃｍ未満）,Surgery_Type
小児創傷処理（筋肉、臓器に達しない、長径１０ｃｍ以上）,Surgery_Type
鶏眼・胼胝切除術（露出部で縫合）（長径２ｃｍ未満）,Surgery_Type
鶏眼・胼胝切除術（露出部で縫合）（長径２ｃｍ以上４ｃｍ未満）,Surgery_Type
鶏眼・胼胝切除術（露出部で縫合）（長径４ｃｍ以上）,Surgery_Type
鶏眼・胼胝切除術（露出部以外で縫合）（長径３ｃｍ未満）,Surgery_Type
鶏眼・胼胝切除術（露出部以外で縫合）（長径３ｃｍ以上６ｃｍ未満）,Surgery_Type
鶏眼・胼胝切除術（露出部以外で縫合）（長径６ｃｍ以上）,Surgery_Type
関節鏡下関節内異物（挿入物を含む）除去術（肩）,Surgery_Type
関節鏡下関節内異物（挿入物を含む）除去術（股）,Surgery_Type
関節鏡下関節内異物（挿入物を含む）除去術（膝）,Surgery_Type
関節鏡下関節内異物（挿入物を含む）除去術（胸鎖）,Surgery_Type
関節鏡下関節内異物（挿入物を含む）除去術（肘）,Surgery_Type
関節鏡下関節内異物（挿入物を含む）除去術（手）,Surgery_Type
関節鏡下関節内異物（挿入物を含む）除去術（足）,Surgery_Type
関節鏡下関節内異物（挿入物を含む）除去術（肩鎖）,Surgery_Type
関節鏡下関節内異物（挿入物を含む）除去術（指）,Surgery_Type
内視鏡下椎間板摘出（切除）術（前方摘出術）,Surgery_Type
内視鏡下椎間板摘出（切除）術（後方摘出術）,Surgery_Type
脊椎固定術、椎弓切除術、椎弓形成術（後方椎体固定）,Surgery_Type
脊椎固定術、椎弓切除術、椎弓形成術（前方後方同時固定）,Surgery_Type
内視鏡下脊椎固定術（胸椎又は腰椎前方固定）,Surgery_Type
重症痙性麻痺治療薬髄腔内持続注入用植込型ポンプ設置術,Surgery_Type
重症痙性麻痺治療薬髄腔内持続注入用植込型ポンプ交換術,Surgery_Type
重症痙性麻痺治療薬髄腔内持続注入用植込型ポンプ薬剤再充填,Surgery_Type
口唇裂形成手術（両側）（口唇裂鼻形成を伴う）,Surgery_Type
口唇裂形成手術（両側）（鼻腔底形成を伴う）,Surgery_Type
乳腺悪性腫瘍手術（乳房切除術（腋窩部郭清を伴わない））,Surgery_Type
動脈（皮）・筋（皮）弁を用いた乳房再建術（乳房切除後）（一次的）,Surgery_Type
動脈（皮）・筋（皮）弁を用いた乳房再建術（乳房切除後）（二次的）,Surgery_Type
胸膜外肺剥皮術（１肺葉に相当する範囲以内）,Surgery_Type
胸膜外肺剥皮術（１肺葉に相当する範囲を超える）,Surgery_Type
心腫瘍摘出術（冠動脈血行再建術（１吻合）を伴う）,Surgery_Type
心腫瘍摘出術（冠動脈血行再建術（２吻合以上））,Surgery_Type
心腔内粘液腫摘出術（冠動脈血行再建術（１吻合）を伴う）,Surgery_Type
心腔内粘液腫摘出術（冠動脈血行再建術（２吻合以上））,Surgery_Type
冠動脈、大動脈バイパス移植術（人工心肺不使用）（１吻合）,Surgery_Type
冠動脈、大動脈バイパス移植術（人工心肺不使用）（２吻合以上）,Surgery_Type
心室瘤切除術（冠動脈血行再建術（２吻合以上）を伴う）,Surgery_Type
左室形成術（冠動脈血行再建術（１吻合）を伴う）,Surgery_Type
左室形成術（冠動脈血行再建術（２吻合以上）を伴う）,Surgery_Type
心室中隔穿孔閉鎖術（冠動脈血行再建術（１吻合）を伴う）,Surgery_Type
心室中隔穿孔閉鎖術（冠動脈血行再建術（２吻合以上）を伴う）,Surgery_Type
左室自由壁破裂修復術（冠動脈血行再建術（１吻合）を伴う）,Surgery_Type
左室自由壁破裂修復術（冠動脈血行再建術（２吻合以上）を伴う）,Surgery_Type
動脈管開存症手術（経皮的動脈管開存閉鎖術）,Surgery_Type
大動脈縮窄（離断）症手術（心室中隔欠損症手術を伴う）,Surgery_Type
大動脈縮窄（離断）症手術（複雑心奇形手術を伴う）,Surgery_Type
大動脈肺動脈中隔欠損症手術（心内奇形手術を伴う）,Surgery_Type
三尖弁手術（エプスタイン氏奇形、ウール氏病手術）,Surgery_Type
純型肺動脈弁閉鎖症手術（肺動脈弁切開術（単独））,Surgery_Type
純型肺動脈弁閉鎖症手術（右室流出路形成又は肺動脈形成を伴う）,Surgery_Type
バルサルバ洞動脈瘤手術（大動脈閉鎖不全症手術を伴う）,Surgery_Type
完全型房室中隔欠損症手術（心房及び心室中隔欠損パッチ閉鎖術）,Surgery_Type
完全型房室中隔欠損症手術（ファロー四徴症手術を伴う）,Surgery_Type
両大血管右室起始症手術（タウシッヒ・ビング奇形手術）,Surgery_Type
修正大血管転位症手術（心室中隔欠損パッチ閉鎖術）,Surgery_Type
修正大血管転位症手術（根治手術（ダブルスイッチ手術））,Surgery_Type
連続携行式腹膜灌流用カテーテル腹腔内留置術,Surgery_Type
内視鏡的胃、十二指腸ポリープ・粘膜切除術（早期悪性腫瘍粘膜下層）,Surgery_Type
食道・胃内異物除去摘出術（マグネットカテーテルによるもの）,Surgery_Type
胆嚢悪性腫瘍手術（肝切除（葉以上）を伴う）,Surgery_Type
胆嚢悪性腫瘍手術（膵頭十二指腸切除を伴う）,Surgery_Type
胆嚢悪性腫瘍手術（膵頭十二指腸切除及び肝切除（葉以上）を伴う）,Surgery_Type
痔核手術（脱肛を含む）（硬化療法（四段階注射法））,Surgery_Type
皮膚腫瘍冷凍凝固摘出術（長径３ｃｍ未満の良性皮膚腫瘍）,Surgery_Type
皮膚腫瘍冷凍凝固摘出術（長径３ｃｍ以上６ｃｍ未満の良性皮膚腫瘍）,Surgery_Type
全層植皮術（２５ｃｍ２以上１００ｃｍ２未満）,Surgery_Type
全層植皮術（１００ｃｍ２以上２００ｃｍ２未満）,Surgery_Type
骨内異物（挿入物を含む）除去術（頭蓋（複数切開））,Surgery_Type
骨内異物（挿入物を含む）除去術（その他の顔面）,Surgery_Type
内視鏡的食道粘膜切除術（早期悪性腫瘍粘膜下層剥離術）,Surgery_Type
両室ペーシング機能付き植込型除細動器移植術,Surgery_Type
両室ペーシング機能付き植込型除細動器交換術,Surgery_Type
腹腔鏡下虫垂切除術（虫垂周囲膿瘍を伴わないもの）,Surgery_Type
腹腔鏡下直腸切除・切断術（低位前方切除術）,Surgery_Type
骨移植術（移植用骨採取のみ、同種骨移植、生体、棘突起）,Surgery_Type
骨移植術（移植用骨採取のみ、同種骨移植、生体、腸骨翼）,Surgery_Type
骨移植術（移植用骨採取のみ、同種骨移植、生体、その他）,Surgery_Type
皮膚移植術（死体）（２００ｃｍ２以上５００ｃｍ２未満）,Surgery_Type
皮膚移植術（死体）（５００ｃｍ２以上１０００ｃｍ２未満）,Surgery_Type
皮膚移植術（死体）（１０００ｃｍ２以上３０００ｃｍ２未満）,Surgery_Type
脊椎側彎症手術（矯正術）（交換術）（胸郭変形矯正用材料使用）,Surgery_Type
治療的角膜切除術（エキシマレーザー）（角膜ジストロフィー等）,Surgery_Type
副咽頭間隙腫瘍摘出術（経側頭下窩（下顎離断を含む））,Surgery_Type
副咽頭間隙悪性腫瘍摘出術（経側頭下窩（下顎離断を含む））,Surgery_Type
経皮的カテーテル心筋焼灼術（心房中隔穿刺、心外膜アプローチ）,Surgery_Type
膵体尾部腫瘍切除術（膵尾部切除術）（脾温存）,Surgery_Type
造血幹細胞採取（末梢血幹細胞採取）（同種移植）,Surgery_Type
造血幹細胞採取（末梢血幹細胞採取）（自家移植）,Surgery_Type
観血的整復固定術（インプラント周囲骨折）（肩甲骨）,Surgery_Type
観血的整復固定術（インプラント周囲骨折）（上腕）,Surgery_Type
観血的整復固定術（インプラント周囲骨折）（大腿）,Surgery_Type
観血的整復固定術（インプラント周囲骨折）（前腕）,Surgery_Type
観血的整復固定術（インプラント周囲骨折）（下腿）,Surgery_Type
観血的整復固定術（インプラント周囲骨折）（手）,Surgery_Type
観血的整復固定術（インプラント周囲骨折）（足）,Surgery_Type
観血的整復固定術（インプラント周囲骨折）（指）,Surgery_Type
骨内異物（挿入物を含む）除去術（その他の頭蓋）,Surgery_Type
骨内異物（挿入物を含む）除去術（顔面（複数切開））,Surgery_Type
関節鏡下靱帯断裂形成手術（内側膝蓋大腿靱帯）,Surgery_Type
脊椎固定術、椎弓切除術、椎弓形成術（椎弓切除）,Surgery_Type
脊椎固定術、椎弓切除術、椎弓形成術（椎弓形成）,Surgery_Type
緑内障手術（緑内障治療用インプラント挿入術）（プレートなし）,Surgery_Type
網膜付着組織を含む硝子体切除術（眼内内視鏡）,Surgery_Type
水晶体再建術（眼内レンズを挿入）（縫着レンズ挿入）,Surgery_Type
肺悪性腫瘍手術（肺葉切除又は１肺葉を超える）,Surgery_Type
肺悪性腫瘍手術（隣接臓器合併切除を伴う肺切除）,Surgery_Type
肺悪性腫瘍手術（気管分岐部切除を伴う肺切除）,Surgery_Type
肺悪性腫瘍手術（気管分岐部再建を伴う肺切除）,Surgery_Type
胸腔鏡下肺悪性腫瘍手術（肺葉切除又は１肺葉を超える）,Surgery_Type
経皮的冠動脈形成術（エキシマレーザー血管形成用カテーテル）,Surgery_Type
大動脈瘤切除術（上行）（人工弁置換を伴う基部置換術）,Surgery_Type
大動脈瘤切除術（上行）（自己弁温存型基部置換術）,Surgery_Type
大動脈瘤切除術（上行・弓部同時）（弁置換術又は形成術）,Surgery_Type
大動脈瘤切除術（上行・弓部同時）（人工弁置換を伴う基部置換術）,Surgery_Type
大動脈瘤切除術（上行・弓部同時）（自己弁温存型基部置換術）,Surgery_Type
植込型補助人工心臓（非拍動流型）（２日目以降３０日目まで）,Surgery_Type
植込型補助人工心臓（非拍動流型）（３１日目以降９０日目まで）,Surgery_Type
植込型補助人工心臓（非拍動流型）（９１日目以降）,Surgery_Type
血管移植術、バイパス移植術（下腿、足部動脈）,Surgery_Type
血管塞栓術（頭部、胸腔、腹腔内血管等）（止血術）,Surgery_Type
血管塞栓術（頭部、胸腔、腹腔内血管等）（その他）,Surgery_Type
胆嚢悪性腫瘍手術（肝切除（亜区域切除以上））,Surgery_Type
肝切除術（１区域切除（外側区域切除を除く））,Surgery_Type
膀胱悪性腫瘍手術（経尿道的手術）（電解質溶液利用）,Surgery_Type
経尿道的レーザー前立腺切除術（ホルミウムレーザー）,Surgery_Type
腹腔鏡下食道静脈瘤手術（胃上部血行遮断術）,Surgery_Type
骨移植術（軟骨移植術を含む）（自家培養軟骨移植術）,Surgery_Type
遊離皮弁術（顕微鏡下血管柄付き）（乳房再建術）,Surgery_Type
遊離皮弁術（顕微鏡下血管柄付き）（その他）,Surgery_Type
組織拡張器による再建手術（乳房（再建手術））,Surgery_Type
緑内障手術（緑内障治療用インプラント挿入術）（プレートあり）,Surgery_Type
内視鏡下鼻・副鼻腔手術１型（副鼻腔自然口開窓術）,Surgery_Type
内視鏡下鼻・副鼻腔手術２型（副鼻腔単洞手術）,Surgery_Type
内視鏡下鼻・副鼻腔手術３型（選択的（複数洞）副鼻腔手術）,Surgery_Type
内視鏡下鼻・副鼻腔手術４型（汎副鼻腔手術）,Surgery_Type
内視鏡下鼻・副鼻腔手術５型（拡大副鼻腔手術）,Surgery_Type
ゲル充填人工乳房を用いた乳房再建術（乳房切除後）,Surgery_Type
胸腔鏡下食道悪性腫瘍手術（頸部、胸部、腹部の操作）,Surgery_Type
胸腔鏡下食道悪性腫瘍手術（胸部、腹部の操作）,Surgery_Type
経皮的冠動脈ステント留置術（急性心筋梗塞）,Surgery_Type
経皮的冠動脈ステント留置術（不安定狭心症）,Surgery_Type
肺静脈還流異常症手術（総肺静脈還流異常）（心臓型）,Surgery_Type
肺静脈還流異常症手術（総肺静脈還流異常）（その他）,Surgery_Type
血管塞栓術（頭部、胸腔、腹腔内血管等）（選択的動脈化学塞栓術）,Surgery_Type
肝悪性腫瘍ラジオ波焼灼療法（２ｃｍ以内）（腹腔鏡）,Surgery_Type
肝悪性腫瘍ラジオ波焼灼療法（２ｃｍ以内）（その他）,Surgery_Type
肝悪性腫瘍ラジオ波焼灼療法（２ｃｍを超える）（腹腔鏡）,Surgery_Type
肝悪性腫瘍ラジオ波焼灼療法（２ｃｍを超える）（その他）,Surgery_Type
腹腔鏡下子宮悪性腫瘍手術（子宮体がんに限る）,Surgery_Type
オープン型ステントグラフト内挿術（上行・弓部同時、弁置換・形成）,Surgery_Type
オープン型ステントグラフト内挿術（上行・弓部同時、弁・基部置換）,Surgery_Type
オープン型ステントグラフト内挿術（上行・弓部同時、弁温存置換術）,Surgery_Type
オープン型ステントグラフト内挿術（上行・弓部同時、その他）,Surgery_Type
小児補助人工心臓（２日目以降３０日目まで）,Surgery_Type
創傷処理（筋肉、臓器に達する）（長径２０ｃｍ以上）（頭頸部）,Surgery_Type
創傷処理（筋肉、臓器に達する）（長径１０ｃｍ以上）（その他）,Surgery_Type
皮膚、皮下腫瘍摘出術（露出部以外）（長径１２ｃｍ以上）,Surgery_Type
骨移植術（軟骨移植術を含む、同種骨移植、非生体、特殊）,Surgery_Type
骨移植術（軟骨移植術を含む、同種骨移植、非生体、その他）,Surgery_Type
骨移植術（移植用骨採取のみ、同種骨移植、非生体、その他、棘突起）,Surgery_Type
骨移植術（移植用骨採取のみ、同種骨移植、非生体、その他、腸骨翼）,Surgery_Type
骨移植術（移植用骨採取のみ、同種骨移植、非生体、その他）,Surgery_Type
関節鏡下肩関節唇形成術（腱板断裂を伴わない）,Surgery_Type
内視鏡下経鼻的腫瘍摘出術（頭蓋底脳腫瘍（下垂体腫瘍を除く））,Surgery_Type
顎関節授動術（徒手的授動術）（関節腔洗浄療法を併用）,Surgery_Type
内視鏡下甲状腺部分切除、腺腫摘出術（片葉のみ）,Surgery_Type
内視鏡下甲状腺部分切除、腺腫摘出術（両葉）,Surgery_Type
内視鏡下バセドウ甲状腺全摘（亜全摘）術（両葉）,Surgery_Type
内視鏡下副甲状腺（上皮小体）腺腫過形成手術,Surgery_Type
乳腺悪性腫瘍手術（乳輪温存乳房切除術（腋窩郭清を伴わない））,Surgery_Type
乳腺悪性腫瘍手術（乳輪温存乳房切除術（腋窩郭清を伴う））,Surgery_Type
肺悪性腫瘍手術（壁側・臓側胸膜全切除、横隔膜心膜合併切除を伴う）,Surgery_Type
経カテーテル大動脈弁置換術（経心尖大動脈弁置換術）,Surgery_Type
経カテーテル大動脈弁置換術（経皮的大動脈弁置換術）,Surgery_Type
経静脈電極抜去術（レーザーシースを用いる）,Surgery_Type
経静脈電極抜去術（レーザーシースを用いない）,Surgery_Type
腹腔鏡下ヘルニア手術（半月状線ヘルニア、白線ヘルニア）,Surgery_Type
胆管悪性腫瘍手術（膵頭十二指腸切除及び肝切除（葉以上）を伴う）,Surgery_Type
腹腔鏡下肝切除術（１区域切除（外側区域切除を除く））,Surgery_Type
直腸脱手術（経会陰）（腸管切除を伴わない）,Surgery_Type
腹腔鏡下腎悪性腫瘍手術（内視鏡手術用支援機器を用いる）,Surgery_Type
腹腔鏡下前立腺悪性腫瘍手術（内視鏡手術用支援機器を用いる）,Surgery_Type
皮膚採取（培養用、筋肉等に達する、長径５ｃｍ未満）,Surgery_Type
皮膚採取（培養用、筋肉等に達する、長径５ｃｍ以上１０ｃｍ未満）,Surgery_Type
皮膚採取（培養用、筋肉等に達する、長径２０ｃｍ以上、頭頸部）,Surgery_Type
皮膚採取（培養用、筋肉等に達する、長径１０ｃｍ以上、その他）,Surgery_Type
皮膚採取（培養用、筋肉等に達しない、長径５ｃｍ未満）,Surgery_Type
皮膚採取（培養用、筋肉等に達しない、長径５ｃｍ以上１０ｃｍ未満）,Surgery_Type
皮膚採取（培養用、筋肉等に達しない、長径１０ｃｍ以上）,Surgery_Type
骨移植術（自家骨又は非生体同種骨移植と人工骨移植の併施、特殊）,Surgery_Type
骨移植術（自家骨又は非生体同種骨移植と人工骨移植の併施、その他）,Surgery_Type
骨移植術（移植用骨採取のみ、同種骨移植、非生体、特殊、棘突起）,Surgery_Type
骨移植術（移植用骨採取のみ、同種骨移植、非生体、特殊、腸骨翼）,Surgery_Type
骨移植術（移植用骨採取のみ、同種骨移植、非生体、特殊、その他）,Surgery_Type
骨格筋採取（筋肉等に達する、長径５ｃｍ未満）,Surgery_Type
骨格筋採取（筋肉等に達する、長径５ｃｍ以上１０ｃｍ未満）,Surgery_Type
骨格筋採取（筋肉等に達する、長径２０ｃｍ以上、頭頸部）,Surgery_Type
骨格筋採取（筋肉等に達する、長径１０ｃｍ以上、その他）,Surgery_Type
骨格筋採取（筋肉等に達しない、長径５ｃｍ未満）,Surgery_Type
骨格筋採取（筋肉等に達しない、長径５ｃｍ以上１０ｃｍ未満）,Surgery_Type
骨格筋採取（筋肉等に達しない、長径１０ｃｍ以上）,Surgery_Type
小児皮膚採取（培養用、筋肉等に達する、２.５ｃｍ未満）,Surgery_Type
小児皮膚採取（培養用、筋肉等に達する、２.５ｃｍ～５ｃｍ未満）,Surgery_Type
小児皮膚採取（培養用、筋肉等に達する、５ｃｍ～１０ｃｍ未満）,Surgery_Type
小児皮膚採取（培養用、筋肉等に達する、１０ｃｍ以上）,Surgery_Type
小児皮膚採取（培養用、筋肉等に達しない、２.５ｃｍ未満）,Surgery_Type
小児皮膚採取（培養用、筋肉等に達しない、２.５ｃｍ～５ｃｍ未満）,Surgery_Type
小児皮膚採取（培養用、筋肉等に達しない、５ｃｍ～１０ｃｍ未満）,Surgery_Type
小児皮膚採取（培養用、筋肉等に達しない、１０ｃｍ以上）,Surgery_Type
小児骨格筋採取（筋肉等に達する、長径２.５ｃｍ未満）,Surgery_Type
小児骨格筋採取（筋肉等に達する、長径２.５ｃｍ～５ｃｍ未満）,Surgery_Type
小児骨格筋採取（筋肉等に達する、長径５ｃｍ～１０ｃｍ未満）,Surgery_Type
小児骨格筋採取（筋肉等に達する、長径１０ｃｍ以上）,Surgery_Type
小児骨格筋採取（筋肉等に達しない、長径２.５ｃｍ未満）,Surgery_Type
小児骨格筋採取（筋肉等に達しない、長径２.５ｃｍ～５ｃｍ未満）,Surgery_Type
小児骨格筋採取（筋肉等に達しない、長径５ｃｍ～１０ｃｍ未満）,Surgery_Type
小児骨格筋採取（筋肉等に達しない、長径１０ｃｍ以上）,Surgery_Type
緑内障手術（水晶体再建術併用眼内ドレーン挿入術）,Surgery_Type
ペースメーカー移植術（リードレスペースメーカー）,Surgery_Type
経皮的循環補助法（ポンプカテーテルを使用）（初日）,Surgery_Type
経皮的循環補助法（ポンプカテーテルを使用）（２日目以降）,Surgery_Type
脊髄刺激装置植込術（ジェネレーターを留置）,Surgery_Type
仙骨神経刺激装置植込術（脊髄刺激電極を留置）,Surgery_Type
仙骨神経刺激装置植込術（ジェネレーターを留置）,Surgery_Type
内視鏡下甲状腺悪性腫瘍手術（全摘及び亜全摘）,Surgery_Type
乳腺腫瘍画像ガイド下吸引術（マンモグラフィー又は超音波装置）,Surgery_Type
痔核手術（脱肛を含む）（根治手術（硬化療法）を伴う）,Surgery_Type
腹腔鏡下膀胱悪性腫瘍手術（全摘、腸管等利用し尿路変更なし）,Surgery_Type
腹腔鏡下膀胱悪性腫瘍手術（全摘、回腸結腸導管利用し尿路変更あり）,Surgery_Type
腹腔鏡下膀胱悪性腫瘍手術（全摘、代用膀胱利用し尿路変更あり）,Surgery_Type
腹腔鏡下小切開膀胱悪性腫瘍手術（全摘、腸管等利用尿路変更なし）,Surgery_Type
腹腔鏡下小切開膀胱悪性腫瘍手術（全摘、回腸等利用尿路変更あり）,Surgery_Type
腹腔鏡下小切開膀胱悪性腫瘍手術（全摘、代用膀胱利用尿路変更あり）,Surgery_Type
流産手術（妊娠１１週まで）（手動真空吸引法）,Surgery_Type
胸腔鏡下縦隔悪性腫瘍手術（内視鏡手術用支援機器使用）,Surgery_Type
胸腔鏡下良性縦隔腫瘍手術（内視鏡手術用支援機器使用）,Surgery_Type
胸腔鏡下肺悪性腫瘍手術（肺葉切除、１肺葉超・手術用支援機器使用）,Surgery_Type
胸腔鏡下食道悪性腫瘍手術（頸、胸、腹部操作・手術用支援機器使用）,Surgery_Type
胸腔鏡下食道悪性腫瘍手術（胸部、腹部の操作・手術用支援機器使用）,Surgery_Type
胸腔鏡下弁形成術（１弁）（内視鏡手術用支援機器使用）,Surgery_Type
胸腔鏡下弁形成術（２弁）（内視鏡手術用支援機器使用）,Surgery_Type
腹腔鏡下胃切除術（単純切除術）（内視鏡手術用支援機器使用）,Surgery_Type
腹腔鏡下胃切除術（悪性腫瘍手術）（内視鏡手術用支援機器使用）,Surgery_Type
腹腔鏡下噴門側胃切除術（単純切除術）（内視鏡手術用支援機器使用）,Surgery_Type
腹腔鏡下噴門側胃切除術（悪性腫瘍切除術・手術用支援機器使用）,Surgery_Type
腹腔鏡下胃全摘術（単純全摘術）（内視鏡手術用支援機器使用）,Surgery_Type
腹腔鏡下胃全摘術（悪性腫瘍手術）（内視鏡手術用支援機器使用）,Surgery_Type
腹腔鏡下直腸切除・切断術（切除術）（内視鏡手術用支援機器使用）,Surgery_Type
腹腔鏡下直腸切除・切断術（低位前方切除術・手術用支援機器使用）,Surgery_Type
腹腔鏡下直腸切除・切断術（切断術）（内視鏡手術用支援機器使用）,Surgery_Type
腹腔鏡下膀胱悪性腫瘍手術（腸管等利用し尿路変更なし・通則１８）,Surgery_Type
腹腔鏡下膀胱悪性腫瘍手術（回腸等導管利用尿路変更あり・通則１８）,Surgery_Type
腹腔鏡下膀胱悪性腫瘍手術（代用膀胱利用し尿路変更あり・通則１８）,Surgery_Type
会陰形成手術（筋層に及ばない）（性同一性障害）,Surgery_Type
腹腔鏡下腟式子宮全摘術（内視鏡手術用支援機器使用）,Surgery_Type
腹腔鏡下子宮悪性腫瘍手術（子宮体がんに限る・手術用支援機器使用）,Surgery_Type
子宮附属器腫瘍摘出術（両側）（開腹）（性同一性障害）,Surgery_Type
子宮附属器腫瘍摘出術（両側）（腹腔鏡）（性同一性障害）,Surgery_Type
腹腔鏡下腟式子宮全摘術（性同一性障害・内視鏡手術用支援機器使用）,Surgery_Type
腹腔鏡下子宮悪性腫瘍手術（子宮頸がんに限る）,Surgery_Type
内視鏡的膵嚢胞瘻孔造設（経胃又は経十二指腸）,Surgery_Type
腹部開放創用局所陰圧閉鎖キット交換（長径５ｃｍ未満）,Surgery_Type
腹部開放創用局所陰圧閉鎖キット交換（長径５ｃｍ以上１０ｃｍ未満）,Surgery_Type
腹部開放創用局所陰圧閉鎖キット交換（長径１０ｃｍ以上）,Surgery_Type
末梢血単核球採取（チサゲンレクルユーセル投与予定）,Surgery_Type
脊椎固定術、椎弓切除術、椎弓形成術（頸椎人工椎間板置換術）,Surgery_Type
トラフェルミン（遺伝子組換え）を用いた鼓膜穿孔閉鎖,Surgery_Type