抗悪性腫瘍剤動脈内持続注入用植込型カテーテル設置（開腹）,130007970,K6111
抗悪性腫瘍剤動脈内持続注入用植込型カテーテル設置（四肢）,130008070,K6112
抗悪性腫瘍剤動脈内持続注入用植込型カテーテル設置（頭頸部その他）,130008170,K6113
中心静脈注射用植込型カテーテル設置（四肢）,130009070,K6181
中心静脈注射用植込型カテーテル設置（頭頸部その他）,130009170,K6182
抗悪性腫瘍剤静脈内持続注入用植込型カテーテル設置（開腹）,130010050,K6111
抗悪性腫瘍剤静脈内持続注入用植込型カテーテル設置（四肢）,130010150,K6112
抗悪性腫瘍剤静脈内持続注入用植込型カテーテル設置（頭頸部その他）,130010250,K6113
抗悪性腫瘍剤腹腔内持続注入用植込型カテーテル設置（開腹）,130010350,K6111
創傷処理（筋肉、臓器に達しない）（長径５ｃｍ未満）,150001010,K0004
創傷処理（筋肉、臓器に達しない）（長径５ｃｍ以上１０ｃｍ未満）,150001110,K0005
創傷処理（筋肉、臓器に達する）（長径５ｃｍ未満）,150001250,K0001
創傷処理（筋肉、臓器に達する）（長径５ｃｍ以上１０ｃｍ未満）,150001310,K0002
外シャント血栓除去術,150001650,K608-2
静脈瘤切除術（下肢以外）,150001750,K617-3
皮膚切開術（長径１０ｃｍ未満）,150001810,K0011
皮膚切開術（長径１０ｃｍ以上２０ｃｍ未満）,150001910,K0012
皮膚切開術（長径２０ｃｍ以上）,150002010,K0013
子宮腟部糜爛等子宮腟部乱切除術,150002150,K867-2
デブリードマン（１００ｃｍ２未満）,150002210,K0021
デブリードマン（１００ｃｍ２以上３０００ｃｍ２未満）,150002310,K0022
デブリードマン（３０００ｃｍ２以上）,150002410,K0023
皮膚皮下粘膜下血管腫摘出術（露出部、長径３ｃｍ未満）,150002510,K0031
皮膚皮下粘膜下血管腫摘出術（露出部、長径３ｃｍ～６ｃｍ未満）,150002610,K0032
皮膚、皮下腫瘍摘出術（露出部）（長径２ｃｍ未満）,150003110,K0051
皮膚、皮下腫瘍摘出術（露出部）（長径２ｃｍ以上４ｃｍ未満）,150003210,K0052
皮膚、皮下腫瘍摘出術（露出部以外）（長径３ｃｍ未満）,150003510,K0061
皮膚、皮下腫瘍摘出術（露出部以外）（長径３ｃｍ以上６ｃｍ未満）,150003610,K0062
皮膚腫瘍冷凍凝固摘出術（長径３ｃｍ未満の悪性皮膚腫瘍）,150004050,K006-42
皮膚腫瘍冷凍凝固摘出術（長径３ｃｍ以上６ｃｍ未満の悪性皮膚腫瘍）,150004150,K006-43
皮膚悪性腫瘍切除術（広汎切除）,150004210,K0071
腋臭症手術（皮弁法）,150004510,K0081
皮膚剥削術（２５ｃｍ２未満）,150004610,K0091
皮膚剥削術（２５ｃｍ２以上１００ｃｍ２未満）,150004710,K0092
瘢痕拘縮形成手術（顔面）,150004810,K0101
瘢痕拘縮形成手術（その他）,150004910,K0102
顔面神経麻痺形成手術（静的）,150005010,K0111
顔面神経麻痺形成手術（動的）,150005110,K0112
分層植皮術（２５ｃｍ２未満）,150006410,K0131
分層植皮術（２５ｃｍ２以上１００ｃｍ２未満）,150006510,K0132
分層植皮術（１００ｃｍ２以上２００ｃｍ２未満）,150006610,K0133
分層植皮術（２００ｃｍ２以上）,150006710,K0134
皮膚移植術（生体・培養）,150007610,K014
皮弁作成術、移動術、切断術、遷延皮弁術（２５ｃｍ２未満）,150007810,K0151
皮弁作成術、移動術、切断術、遷延皮弁術（２５～１００ｃｍ２未満）,150007910,K0152
皮弁作成術、移動術、切断術、遷延皮弁術（１００ｃｍ２以上）,150008010,K0153
動脈（皮）弁術,150008810,K016
筋（皮）弁術,150009010,K016
複合組織移植術,150009110,K019
自家遊離複合組織移植術（顕微鏡下血管柄付き）,150009210,K020
粘膜移植術（４ｃｍ２未満）,150009310,K0211
筋膜切離術,150009410,K023
筋膜切開術,150009510,K023
筋切離術,150009610,K024
股関節内転筋切離術,150009710,K025
股関節筋群解離術,150009810,K026
筋炎手術（腸腰筋）,150009910,K0271
筋炎手術（殿筋）,150010010,K0271
筋炎手術（大腿筋）,150010110,K0271
筋炎手術（その他の筋）,150010210,K0272
腱鞘切開術（関節鏡下によるものを含む）（指）,150010310,K028
腱切離・切除術（関節鏡下）（指）,150010410,K034
腱剥離術（関節鏡下によるものを含む）（指）,150010510,K035
筋肉内異物摘出術,150010610,K029
四肢・躯幹軟部腫瘍摘出術（肩）,150010810,K0301
四肢・躯幹軟部腫瘍摘出術（上腕）,150010910,K0301
四肢・躯幹軟部腫瘍摘出術（前腕）,150011010,K0301
四肢・躯幹軟部腫瘍摘出術（大腿）,150011110,K0301
四肢・躯幹軟部腫瘍摘出術（下腿）,150011210,K0301
四肢・躯幹軟部腫瘍摘出術（手）,150011310,K0302
四肢・躯幹軟部腫瘍摘出術（足）,150011410,K0302
四肢・躯幹軟部悪性腫瘍手術（肩）,150011510,K0311
四肢・躯幹軟部悪性腫瘍手術（上腕）,150011610,K0311
四肢・躯幹軟部悪性腫瘍手術（前腕）,150011710,K0311
四肢・躯幹軟部悪性腫瘍手術（大腿）,150011810,K0311
四肢・躯幹軟部悪性腫瘍手術（下腿）,150011910,K0311
四肢・躯幹軟部悪性腫瘍手術（手）,150012010,K0312
四肢・躯幹軟部悪性腫瘍手術（足）,150012110,K0312
腱縫合術（指）,150012310,K037
腱縫合術（切創等の創傷）,150012750,K0002
筋膜移植術（指）,150013110,K0331
腱延長術（指）,150013210,K038
腱移行術（その他）,150013410,K0402
腱移植術（人工腱形成術を含む）（その他）,150013510,K0392
骨穿孔術,150013710,K042
骨掻爬術（肩甲骨）,150013810,K0431
骨掻爬術（上腕）,150013910,K0431
骨掻爬術（大腿）,150014010,K0431
骨掻爬術（前腕）,150014110,K0432
骨掻爬術（下腿）,150014210,K0432
骨掻爬術（鎖骨）,150014310,K0433
骨掻爬術（膝蓋骨）,150014410,K0433
骨掻爬術（手）,150014510,K0433
骨掻爬術（足その他）,150014610,K0433
骨折非観血的整復術（肩甲骨）,150016510,K0441
骨折非観血的整復術（上腕）,150016610,K0441
骨折非観血的整復術（大腿）,150016710,K0441
骨折非観血的整復術（前腕）,150016810,K0442
骨折非観血的整復術（下腿）,150016910,K0442
骨折非観血的整復術（鎖骨）,150017010,K0443
骨折非観血的整復術（膝蓋骨）,150017110,K0443
骨折非観血的整復術（手）,150017210,K0443
骨折非観血的整復術（足その他）,150017310,K0443
恥骨結合離開非観血的整復固定術,150017950,K120-2
骨折経皮的鋼線刺入固定術（肩甲骨）,150018110,K0451
骨折経皮的鋼線刺入固定術（上腕）,150018210,K0451
骨折経皮的鋼線刺入固定術（大腿）,150018310,K0451
骨折経皮的鋼線刺入固定術（前腕）,150018410,K0452
骨折経皮的鋼線刺入固定術（下腿）,150018510,K0452
骨折経皮的鋼線刺入固定術（鎖骨）,150018610,K0453
骨折経皮的鋼線刺入固定術（膝蓋骨）,150018710,K0453
骨折経皮的鋼線刺入固定術（手）,150018810,K0453
骨折経皮的鋼線刺入固定術（足）,150018910,K0453
骨折観血的手術（肩甲骨）,150019010,K0461
骨折観血的手術（上腕）,150019110,K0461
骨折観血的手術（大腿）,150019210,K0461
骨折観血的手術（前腕）,150019310,K0462
骨折観血的手術（下腿）,150019410,K0462
骨折観血的手術（鎖骨）,150019510,K0463
骨折観血的手術（膝蓋骨）,150019610,K0463
骨折観血的手術（手（舟状骨を除く））,150019710,K0463
骨折観血的手術（足）,150019810,K0463
象皮病根治手術（大腿）,150020350,K022-21
象皮病根治手術（下腿）,150020450,K022-22
骨内異物（挿入物を含む）除去術（肩甲骨）,150020510,K0482
骨内異物（挿入物を含む）除去術（上腕）,150020610,K0482
骨内異物（挿入物を含む）除去術（大腿）,150020710,K0482
骨内異物（挿入物を含む）除去術（前腕）,150020810,K0483
骨内異物（挿入物を含む）除去術（下腿）,150020910,K0483
骨内異物（挿入物を含む）除去術（鎖骨）,150021010,K0484
骨内異物（挿入物を含む）除去術（膝蓋骨）,150021110,K0484
骨内異物（挿入物を含む）除去術（手）,150021210,K0484
骨内異物（挿入物を含む）除去術（足）,150021310,K0484
骨部分切除術（肩甲骨）,150021410,K0491
骨部分切除術（上腕）,150021510,K0491
骨部分切除術（大腿）,150021610,K0491
骨部分切除術（前腕）,150021710,K0492
骨部分切除術（下腿）,150021810,K0492
骨部分切除術（鎖骨）,150021910,K0493
骨部分切除術（膝蓋骨）,150022010,K0493
骨部分切除術（手）,150022110,K0493
骨部分切除術（足）,150022210,K0493
腐骨摘出術（肩甲骨）,150022510,K0501
腐骨摘出術（上腕）,150022610,K0501
腐骨摘出術（大腿）,150022710,K0501
腐骨摘出術（前腕）,150022810,K0502
腐骨摘出術（下腿）,150022910,K0502
腐骨摘出術（鎖骨）,150023010,K0503
腐骨摘出術（膝蓋骨）,150023110,K0503
腐骨摘出術（手）,150023210,K0503
腐骨摘出術（足その他）,150023310,K0503
骨全摘術（肩甲骨）,150023410,K0511
骨全摘術（上腕）,150023510,K0511
骨全摘術（大腿）,150023610,K0511
骨全摘術（前腕）,150023710,K0512
骨全摘術（下腿）,150023810,K0512
骨全摘術（鎖骨）,150023910,K0513
骨全摘術（膝蓋骨）,150024010,K0513
骨全摘術（手）,150024110,K0513
骨全摘術（足その他）,150024210,K0513
中手骨摘除術（２本以上）,150024550,K051-2
中足骨摘除術（２本以上）,150024650,K051-2
骨腫瘍切除術（肩甲骨）,150024710,K0521
骨腫瘍切除術（上腕）,150024810,K0521
骨腫瘍切除術（大腿）,150024910,K0521
骨腫瘍切除術（前腕）,150025010,K0522
骨腫瘍切除術（下腿）,150025110,K0522
骨腫瘍切除術（鎖骨）,150025210,K0523
骨腫瘍切除術（膝蓋骨）,150025310,K0523
骨腫瘍切除術（手）,150025410,K0523
骨腫瘍切除術（足）,150025510,K0523
骨悪性腫瘍手術（肩甲骨）,150026510,K0531
骨悪性腫瘍手術（上腕）,150026610,K0531
骨悪性腫瘍手術（大腿）,150026710,K0531
骨悪性腫瘍手術（前腕）,150026810,K0532
骨悪性腫瘍手術（下腿）,150026910,K0532
骨悪性腫瘍手術（鎖骨）,150027010,K0533
骨悪性腫瘍手術（膝蓋骨）,150027110,K0533
骨悪性腫瘍手術（手）,150027210,K0533
骨悪性腫瘍手術（足その他）,150027310,K0533
骨切り術（肩甲骨）,150027510,K0541
骨切り術（上腕）,150027610,K0541
骨切り術（大腿）,150027710,K0541
骨切り術（前腕）,150027810,K0542
骨切り術（下腿）,150027910,K0542
骨切り術（鎖骨）,150028010,K0543
骨切り術（膝蓋骨）,150028110,K0543
骨切り術（手）,150028210,K0543
骨切り術（足）,150028310,K0543
偽関節手術（肩甲骨）,150028610,K0561
偽関節手術（上腕）,150028710,K0561
偽関節手術（大腿）,150028810,K0561
偽関節手術（前腕）,150028910,K0562
偽関節手術（下腿）,150029010,K0562
偽関節手術（鎖骨）,150029110,K0563
偽関節手術（膝蓋骨）,150029210,K0563
偽関節手術（手（舟状骨を除く））,150029310,K0563
偽関節手術（足）,150029410,K0563
変形治癒骨折矯正手術（肩甲骨）,150029610,K0571
変形治癒骨折矯正手術（上腕）,150029710,K0571
変形治癒骨折矯正手術（大腿）,150029810,K0571
変形治癒骨折矯正手術（前腕）,150029910,K0572
変形治癒骨折矯正手術（下腿）,150030010,K0572
変形治癒骨折矯正手術（鎖骨）,150030110,K0573
変形治癒骨折矯正手術（膝蓋骨）,150030210,K0573
変形治癒骨折矯正手術（手）,150030310,K0573
変形治癒骨折矯正手術（足）,150030410,K0573
骨長調整手術（骨端軟骨発育抑制術）,150031410,K0581
骨長調整手術（骨短縮術）,150031510,K0582
骨長調整手術（骨延長術）（指以外）,150031610,K0584
骨移植術（軟骨移植術を含む、同種骨移植、生体）,150031710,K0592
関節切開術（肩）,150031910,K0601
関節切開術（股）,150032010,K0601
関節切開術（膝）,150032110,K0601
関節切開術（胸鎖）,150032210,K0602
関節切開術（肘）,150032310,K0602
関節切開術（手）,150032410,K0602
関節切開術（足）,150032510,K0602
関節切開術（肩鎖）,150032610,K0603
関節切開術（指）,150032710,K0603
関節脱臼非観血的整復術（肩）,150033810,K0611
関節脱臼非観血的整復術（股）,150033910,K0611
関節脱臼非観血的整復術（膝）,150034010,K0611
関節脱臼非観血的整復術（胸鎖）,150034110,K0612
関節脱臼非観血的整復術（肘）,150034210,K0612
関節脱臼非観血的整復術（手）,150034310,K0612
関節脱臼非観血的整復術（足）,150034410,K0612
関節脱臼非観血的整復術（肩鎖）,150034510,K0613
関節脱臼非観血的整復術（指）,150034610,K0613
関節脱臼非観血的整復術（小児肘内障）,150034710,K0613
先天性股関節脱臼非観血的整復術（両側）（リーメンビューゲル法）,150035050,K0621
先天性股関節脱臼非観血的整復術（両側）（その他）,150035110,K0622
関節脱臼観血的整復術（肩）,150035210,K0631
関節脱臼観血的整復術（股）,150035310,K0631
関節脱臼観血的整復術（膝）,150035410,K0631
関節脱臼観血的整復術（胸鎖）,150035510,K0632
関節脱臼観血的整復術（肘）,150035610,K0632
関節脱臼観血的整復術（手）,150035710,K0632
関節脱臼観血的整復術（足）,150035810,K0632
関節脱臼観血的整復術（肩鎖）,150035910,K0633
関節脱臼観血的整復術（指）,150036010,K0633
先天性股関節脱臼観血的整復術,150036110,K064
関節内異物（挿入物を含む）除去術（肩）,150036210,K0651
関節内異物（挿入物を含む）除去術（股）,150036310,K0651
関節内異物（挿入物を含む）除去術（膝）,150036410,K0651
関節内異物（挿入物を含む）除去術（胸鎖）,150036510,K0652
関節内異物（挿入物を含む）除去術（肘）,150036610,K0652
関節内異物（挿入物を含む）除去術（手）,150036710,K0652
関節内異物（挿入物を含む）除去術（足）,150036810,K0652
関節内異物（挿入物を含む）除去術（肩鎖）,150036910,K0653
関節内異物（挿入物を含む）除去術（指）,150037010,K0653
関節滑膜切除術（肩）,150037110,K0661
関節滑膜切除術（股）,150037210,K0661
関節滑膜切除術（膝）,150037310,K0661
関節滑膜切除術（胸鎖）,150037410,K0662
関節滑膜切除術（肘）,150037510,K0662
関節滑膜切除術（手）,150037610,K0662
関節滑膜切除術（足）,150037710,K0662
関節滑膜切除術（肩鎖）,150037810,K0663
関節滑膜切除術（指）,150037910,K0663
膝蓋骨滑液嚢切除術,150038050,K066-5
滑液膜摘出術（肩）,150038150,K066-31
滑液膜摘出術（股）,150038250,K066-31
滑液膜摘出術（膝）,150038350,K066-31
滑液膜摘出術（胸鎖）,150038450,K066-32
滑液膜摘出術（肘）,150038550,K066-32
滑液膜摘出術（手）,150038650,K066-32
滑液膜摘出術（足）,150038750,K066-32
滑液膜摘出術（肩鎖）,150038850,K066-33
滑液膜摘出術（指）,150038950,K066-33
掌指関節滑膜切除術,150039050,K066-7
関節鼠摘出手術（肩）,150039110,K0671
関節鼠摘出手術（股）,150039210,K0671
関節鼠摘出手術（膝）,150039310,K0671
関節鼠摘出手術（胸鎖）,150039410,K0672
関節鼠摘出手術（肘）,150039510,K0672
関節鼠摘出手術（手）,150039610,K0672
関節鼠摘出手術（足）,150039710,K0672
関節鼠摘出手術（肩鎖）,150039810,K0673
関節鼠摘出手術（指）,150039910,K0673
半月板切除術,150040910,K068
ガングリオン摘出術（手）,150041010,K0701
ガングリオン摘出術（足）,150041110,K0701
ガングリオン摘出術（指）,150041210,K0701
ガングリオン摘出術（その他）（ヒグローム摘出術を含む）,150041310,K0702
関節切除術（肩）,150041710,K0721
関節切除術（股）,150041810,K0721
関節切除術（膝）,150041910,K0721
関節切除術（胸鎖）,150042010,K0722
関節切除術（肘）,150042110,K0722
関節切除術（手）,150042210,K0722
関節切除術（足）,150042310,K0722
関節切除術（肩鎖）,150042410,K0723
関節切除術（指）,150042510,K0723
関節内骨折観血的手術（肩）,150042610,K0731
関節内骨折観血的手術（股）,150042710,K0731
関節内骨折観血的手術（膝）,150042810,K0731
関節内骨折観血的手術（胸鎖）,150042910,K0732
関節内骨折観血的手術（肘）,150043010,K0731
関節内骨折観血的手術（手）,150043110,K0732
関節内骨折観血的手術（足）,150043210,K0732
関節内骨折観血的手術（肩鎖）,150043310,K0733
関節内骨折観血的手術（指）,150043410,K0733
靱帯断裂縫合術（十字靱帯）,150043510,K0741
靱帯断裂縫合術（膝側副靱帯）,150043610,K0742
靱帯断裂縫合術（指）,150043710,K0743
非観血的関節授動術（肩）,150044310,K0751
非観血的関節授動術（股）,150044410,K0751
非観血的関節授動術（膝）,150044510,K0751
非観血的関節授動術（胸鎖）,150044610,K0752
非観血的関節授動術（肘）,150044710,K0752
非観血的関節授動術（手）,150044810,K0752
非観血的関節授動術（足）,150044910,K0752
非観血的関節授動術（肩鎖）,150045010,K0753
非観血的関節授動術（指）,150045110,K0753
観血的関節授動術（肩）,150045210,K0761
観血的関節授動術（股）,150045310,K0761
観血的関節授動術（膝）,150045410,K0761
観血的関節授動術（胸鎖）,150045510,K0762
観血的関節授動術（肘）,150045610,K0762
観血的関節授動術（手）,150045710,K0762
観血的関節授動術（足）,150045810,K0762
観血的関節授動術（肩鎖）,150045910,K0763
観血的関節授動術（指）,150046010,K0763
観血的関節制動術（肩）,150046110,K0771
観血的関節制動術（股）,150046210,K0771
観血的関節制動術（膝）,150046310,K0771
観血的関節制動術（胸鎖）,150046410,K0772
観血的関節制動術（肘）,150046510,K0772
観血的関節制動術（手）,150046610,K0772
観血的関節制動術（足）,150046710,K0772
観血的関節制動術（肩鎖）,150046810,K0773
観血的関節制動術（指）,150046910,K0773
観血的関節固定術（肩）,150047010,K0781
観血的関節固定術（股）,150047110,K0781
観血的関節固定術（膝）,150047210,K0781
観血的関節固定術（胸鎖）,150047310,K0782
観血的関節固定術（肘）,150047410,K0782
観血的関節固定術（手）,150047510,K0782
観血的関節固定術（足）,150047610,K0782
観血的関節固定術（肩鎖）,150047710,K0783
観血的関節固定術（指）,150047810,K0783
靱帯断裂形成手術（十字靱帯）,150047910,K0791
靱帯断裂形成手術（膝側副靱帯）,150048010,K0792
靱帯断裂形成手術（指）,150048110,K0793
関節形成手術（肩）,150048210,K0801
関節形成手術（股）,150048310,K0801
関節形成手術（膝）,150048410,K0801
関節形成手術（胸鎖）,150048510,K0802
関節形成手術（肘）,150048610,K0802
関節形成手術（手）,150048710,K0802
関節形成手術（足）,150048810,K0802
関節形成手術（肩鎖）,150048910,K0803
関節形成手術（指）,150049010,K0803
内反足手術,150049250,K080-2
人工骨頭挿入術（肩）,150049410,K0811
人工骨頭挿入術（股）,150049510,K0811
人工骨頭挿入術（肘）,150049810,K0812
人工骨頭挿入術（手）,150049910,K0812
人工骨頭挿入術（足）,150050010,K0812
人工骨頭挿入術（指）,150050210,K0813
人工関節置換術（肩）,150050310,K0821
人工関節置換術（股）,150050410,K0821
人工関節置換術（膝）,150050510,K0821
人工関節置換術（胸鎖）,150050610,K0822
人工関節置換術（肘）,150050710,K0822
人工関節置換術（手）,150050810,K0822
人工関節置換術（足）,150050910,K0822
人工関節置換術（肩鎖）,150051010,K0823
人工関節置換術（指）,150051110,K0823
四肢切断術（上腕）,150051310,K0841
四肢切断術（前腕）,150051410,K0841
四肢切断術（手）,150051510,K0841
四肢切断術（大腿）,150051610,K0841
四肢切断術（下腿）,150051710,K0841
四肢切断術（足）,150051810,K0841
四肢切断術（指）,150051910,K0842
肩甲帯離断術,150052050,K084-2
四肢関節離断術（肩）,150052110,K0851
四肢関節離断術（股）,150052210,K0851
四肢関節離断術（膝）,150052310,K0851
四肢関節離断術（肘）,150052410,K0852
四肢関節離断術（手）,150052510,K0852
四肢関節離断術（足）,150052610,K0852
四肢関節離断術（指）,150052710,K0853
化膿性又は結核性関節炎掻爬術（肩）,150052850,K060-31
化膿性又は結核性関節炎掻爬術（股）,150052950,K060-31
化膿性又は結核性関節炎掻爬術（膝）,150053050,K060-31
化膿性又は結核性関節炎掻爬術（肘）,150053150,K060-32
化膿性又は結核性関節炎掻爬術（手）,150053250,K060-32
化膿性又は結核性関節炎掻爬術（足）,150053350,K060-32
化膿性又は結核性関節炎掻爬術（指）,150053450,K060-33
断端形成術（軟部形成のみ）（指）,150053510,K0861
断端形成術（軟部形成のみ）（その他）,150053610,K0862
断端形成術（骨形成を要する）（指）,150053710,K0871
断端形成術（骨形成を要する）（その他）,150053810,K0872
切断四肢再接合術（四肢）,150053910,K0881
切断四肢再接合術（指）,150054010,K0882
爪甲除去術,150054110,K089
ひょう疽手術（軟部組織）,150054210,K0901
ひょう疽手術（骨、関節）,150054310,K0902
風棘手術,150054550,K090-2
陥入爪手術（簡単）,150054610,K0911
陥入爪手術（爪床爪母の形成を伴う複雑）,150054710,K0912
舌繋瘢痕性短縮矯正術,150054850,K418-2
手根管開放手術,150055110,K093
足三関節固定（ランブリヌディ）手術,150055410,K094
手掌異物摘出術,150055710,K097
足底異物摘出術,150055810,K097
手掌屈筋腱縫合術,150055910,K098
指瘢痕拘縮手術,150056010,K099
多指症手術（軟部形成のみ）,150056210,K1001
多指症手術（骨関節、腱の形成を要する）,150056310,K1002
合指症手術（軟部形成のみ）,150056510,K1011
合指症手術（骨関節、腱の形成を要する）,150056610,K1012
指癒着症手術（軟部形成のみ）,150056850,K101-21
指癒着症手術（骨関節、腱の形成を要する）,150056950,K101-22
巨指症手術（軟部形成のみ）,150057110,K1021
巨指症手術（骨関節、腱の形成を要する）,150057210,K1022
屈指症手術（軟部形成のみ）,150057410,K1031
屈指症手術（骨関節、腱の形成を要する）,150057510,K1032
斜指症手術（軟部形成のみ）,150057710,K1031
斜指症手術（骨関節、腱の形成を要する）,150057810,K1032
裂手手術,150058010,K105
裂足手術,150058110,K105
母指化手術,150058210,K106
指移植手術,150058310,K107
母指対立再建術,150058410,K108
神経血管柄付植皮術（手）,150058510,K109
第四足指短縮症手術,150058610,K110
第一足指外反症矯正手術,150058710,K110-2
腸骨窩膿瘍切開術,150058810,K112
腸骨窩膿瘍掻爬術,150058910,K113
脊椎骨掻爬術,150059310,K116
骨盤骨掻爬術,150059410,K116
脊椎脱臼非観血的整復術,150059510,K117
頸椎非観血的整復術,150059650,K117-2
椎間板ヘルニア徒手整復術,150059750,K117-3
脊椎、骨盤脱臼観血的手術,150059810,K118
仙腸関節脱臼観血的手術,150060210,K119
恥骨結合離開観血的手術,150060310,K120
骨盤骨折非観血的整復術,150060410,K121
腸骨翼骨折観血的手術,150060810,K124
骨盤骨折観血的手術（腸骨翼及び寛骨臼骨折観血的手術を除く）,150060910,K125
脊椎骨（軟骨）組織採取術（試験切除）（棘突起）,150061010,K1261
脊椎骨（軟骨）組織採取術（試験切除）（腸骨翼）,150061110,K1261
脊椎骨（軟骨）組織採取術（試験切除）（その他）,150061210,K1262
骨盤骨（軟骨）組織採取術（試験切除）（棘突起）,150061310,K1261
骨盤骨（軟骨）組織採取術（試験切除）（腸骨翼）,150061410,K1261
骨盤骨（軟骨）組織採取術（試験切除）（その他）,150061510,K1262
脊椎内異物（挿入物）除去術,150061810,K128
骨盤内異物（挿入物）除去術,150061910,K128
黄色靱帯骨化症手術,150062910,K133
椎間板摘出術（前方摘出術）,150063110,K1341
椎間板摘出術（後方摘出術）,150063210,K1342
椎間板摘出術（側方摘出術）,150063310,K1343
脊椎腫瘍切除術,150063710,K135
骨盤腫瘍切除術,150063810,K135
脊椎悪性腫瘍手術,150063910,K136
骨盤悪性腫瘍手術,150064010,K136
骨盤切断術,150064210,K137
脊椎披裂手術（神経処置を伴う）,150064410,K1381
脊椎披裂手術（その他）,150064510,K1382
脊椎骨切り術,150064610,K139
骨盤骨切り術,150064710,K140
臼蓋形成手術,150064810,K141
仙腸関節固定術,150066110,K143
穿頭脳室ドレナージ術,150066210,K145
頭蓋開溝術,150067010,K146
穿頭術（トレパナチオン）,150067110,K147
試験開頭術,150067210,K148
減圧開頭術（その他）,150067410,K1492
脳膿瘍排膿術,150067510,K150
耳性頭蓋内合併症手術,150067710,K152
耳科的硬脳膜外膿瘍切開術,150067850,K152-2
鼻性頭蓋内合併症手術,150067910,K153
機能的定位脳手術（片側）,150068010,K1541
脳切截術（開頭）,150068310,K155
延髄における脊髄視床路切截術,150068410,K156
三叉神経節後線維切截術,150068510,K157
視神経管開放術,150068610,K158
顔面神経減圧手術（乳様突起経由）,150068710,K159
顔面神経管開放術,150068850,K159-2
脳神経手術（開頭）,150068910,K160
頭蓋内微小血管減圧術,150069050,K160-2
頭蓋骨腫瘍摘出術,150069110,K161
頭皮、頭蓋骨悪性腫瘍手術,150069210,K162
頭蓋骨膜下血腫摘出術,150069410,K163
頭蓋内血腫除去術（開頭）（硬膜外）,150069510,K1641
頭蓋内血腫除去術（開頭）（硬膜下）,150069610,K1642
頭蓋内血腫除去術（開頭）（脳内）,150069710,K1643
脳血管塞栓摘出術,150069850,K164-3
脳血管血栓摘出術,150069950,K164-3
脳内異物摘出術,150070010,K165
脳膿瘍全摘術,150070110,K166
頭蓋内腫瘤摘出術,150070210,K167
脳切除術,150070310,K168
頭蓋内腫瘍摘出術（松果体部腫瘍）,150070510,K1691
経耳的聴神経腫瘍摘出術,150070810,K170
経鼻的下垂体腫瘍摘出術,150071010,K171
脳動静脈奇形摘出術,150071110,K172
脳・脳膜脱手術,150071310,K173
髄液シャント抜去術,150071650,K174-2
髄液漏閉鎖術,150072010,K179
頭蓋骨形成手術（頭蓋骨のみ）,150072110,K1801
頭蓋骨形成手術（硬膜形成を伴う）,150072210,K1802
神経縫合術（その他）,150072310,K1822
脊髄硬膜切開術,150072510,K183
減圧脊髄切開術,150072610,K184
脊髄切截術,150072710,K185
脊髄硬膜内神経切断術,150072810,K186
骨形成的片側椎弓切除術と髄核摘出術,150072950,K142
脊髄視床路切截術,150073010,K187
神経剥離術（その他）,150073110,K1882
脊髄腫瘍摘出術（髄外）,150073210,K1911
脊髄腫瘍摘出術（髄内）,150073310,K1912
脊髄血管腫摘出術,150073410,K192
神経腫切除術（その他）,150073510,K1932
神経捻除術（後頭神経）,150073610,K1941
横隔神経麻痺術,150073750,K194-2
神経捻除術（上眼窩神経）,150073910,K1942
神経捻除術（眼窩下神経）,150074010,K1943
眼窩下孔部神経切断術,150074150,K194-3
神経捻除術（おとがい神経）,150074210,K1944
おとがい孔部神経切断術,150074350,K194-4
神経捻除術（下顎神経）,150074410,K1945
交感神経切除術（頸動脈周囲）,150074510,K1951
交感神経切除術（股動脈周囲）,150074610,K1952
尾動脈腺摘出術,150074750,K195-2
交感神経節切除術（頸部）,150074810,K1961
交感神経節切除術（胸部）,150074910,K1962
交感神経節切除術（腰部）,150075010,K1963
ストッフェル手術,150075150,K196-3
閉鎖神経切除術,150075250,K196-4
末梢神経遮断術（浅腓骨神経）,150075550,K196-5
末梢神経遮断術（後脛骨神経）,150075650,K196-5
神経移行術,150075810,K197
神経移植術,150076010,K198
涙点形成術,150076310,K199
涙嚢切開術,150076610,K200
先天性鼻涙管閉塞開放術,150076710,K201
涙管チューブ挿入術（その他）,150076810,K2022
涙嚢摘出術,150076910,K203
涙嚢鼻腔吻合術,150077010,K204
涙嚢瘻管閉鎖術,150077110,K205
涙小管形成手術,150077210,K206
瞼縁縫合術（瞼板縫合術を含む）,150077310,K207
麦粒腫切開術,150077510,K208
眼瞼膿瘍切開術,150077610,K209
外眥切開術,150077750,K209-2
マイボーム腺切開術,150077810,K213
睫毛電気分解術（毛根破壊）,150077910,K211
兎眼矯正術,150078010,K212
マイボーム腺梗塞摘出術,150078210,K213
霰粒腫摘出術,150078310,K214
瞼板切除術（巨大霰粒腫摘出）,150078410,K215
眼瞼結膜悪性腫瘍手術,150078510,K216
眼瞼内反症手術（縫合法）,150078610,K2171
眼瞼外反症手術,150078710,K218
眼瞼下垂症手術（眼瞼挙筋前転法）,150078810,K2191
眼瞼下垂症手術（筋膜移植法）,150078910,K2192
眼瞼下垂症手術（その他）,150079010,K2193
結膜縫合術,150079110,K220
結膜結石除去術（少数）,150079410,K2211
結膜下異物除去術,150079510,K222
結膜結石除去術（多数）,150079650,K2212
結膜嚢形成手術（部分形成）,150079710,K2231
結膜嚢形成手術（皮膚及び結膜の形成）,150079810,K2232
結膜嚢形成手術（全部形成）,150079910,K2233
内眥形成術,150080050,K223-2
翼状片手術（弁の移植を要する）,150080210,K224
結膜腫瘍冷凍凝固術,150080610,K225
結膜肉芽腫摘除術,150080750,K225-3
眼窩膿瘍切開術,150080810,K226
眼窩骨折観血的手術（眼窩ブローアウト骨折手術を含む）,150081310,K227
眼窩内異物除去術（表在性）,150081510,K229
眼窩内異物除去術（深在性）（視神経周囲）,150081610,K2301
眼窩内異物除去術（深在性）（眼窩尖端）,150081710,K2301
眼窩内異物除去術（深在性）（その他）,150081810,K2302
眼窩内容除去術,150082110,K233
眼窩内腫瘍摘出術（表在性）,150082210,K234
眼窩内腫瘍摘出術（深在性）,150082310,K235
眼窩悪性腫瘍手術,150082610,K236
眼窩縁形成手術（骨移植）,150082710,K237
眼球内容除去術,150083010,K239
眼球摘出術,150083210,K241
斜視手術（前転法）,150083310,K2421
斜視手術（後転法）,150083410,K2422
斜視手術（前転法と後転法）,150083510,K2423
斜視手術（斜筋手術）,150083610,K2424
義眼台包埋術,150083710,K243
眼筋移動術,150083810,K244
眼球摘出及び組織又は義眼台充填術,150083910,K245
角膜新生血管手術（冷凍凝固術を含む）,150084710,K248
顕微鏡下角膜抜糸術,150084950,K248-2
角膜潰瘍掻爬術,150085010,K249
角膜潰瘍焼灼術,150085210,K249
角膜・強膜異物除去術,150085410,K252
治療的角膜切除術（その他）,150085710,K2542
強角膜瘻孔閉鎖術,150085810,K255
角膜潰瘍結膜被覆術,150085910,K256
角膜表層除去併用結膜被覆術,150086010,K257
角膜移植術,150086210,K259
強膜移植術,150086310,K260
角膜形成手術,150086410,K261
虹彩腫瘍切除術,150087110,K265
毛様体腫瘍切除術,150087210,K266
緑内障手術（虹彩切除術）,150087510,K2681
緑内障手術（流出路再建術）,150088410,K2682
虹彩整復・瞳孔形成術,150088610,K269
虹彩光凝固術,150088710,K270
毛様体光凝固術,150088810,K271
毛様体冷凍凝固術,150088910,K272
隅角光凝固術,150089010,K273
前房、虹彩内異物除去術,150089110,K274
網膜復位術,150089410,K275
網膜冷凍凝固術,150090110,K277
硝子体注入・吸引術,150090210,K278
硝子体切除術,150090410,K279
硝子体茎顕微鏡下離断術（その他）,150090610,K2802
硝子体置換術,150091610,K284
耳介血腫開窓術,150091710,K285
外耳道異物除去術（単純）,150091810,K2861
外耳道異物除去術（複雑）,150091910,K2862
先天性耳瘻管摘出術,150092010,K287
副耳（介）切除術,150092110,K288
耳茸摘出術,150092210,K289
外耳道骨増生（外骨腫）切除術,150092310,K290
外耳道骨腫切除術,150092450,K290-2
耳介腫瘍摘出術,150092510,K291
外耳道腫瘍摘出術,150092610,K292
耳介悪性腫瘍手術,150092710,K293
外耳道悪性腫瘍手術,150092910,K294
耳後瘻孔閉鎖術,150093110,K295
耳介形成手術（耳介軟骨形成を要しない）,150093210,K2962
外耳道形成手術,150093410,K297
外耳道造設術・閉鎖症手術,150093510,K298
鼓膜切開術,150093610,K300
鼓室開放術,150093710,K301
上鼓室開放術,150093810,K302
上鼓室乳突洞開放術,150093910,K303
乳突洞開放術（アントロトミー）,150094010,K304
乳突削開術,150094110,K305
錐体部手術,150094210,K306
耳管内チューブ挿入術,150094410,K308
耳管狭窄ビニール管挿入術,150094550,K308-2
鼓膜（排液、換気）チューブ挿入術,150094610,K309
乳突充填術,150094710,K310
鼓膜穿孔閉鎖術,150094810,K311
鼓膜鼓室肉芽切除術,150094910,K312
中耳、側頭骨腫瘍摘出術,150095010,K313
中耳悪性腫瘍手術（切除）,150095210,K3141
中耳悪性腫瘍手術（側頭骨摘出術）,150095310,K3142
鼓室神経叢切除、鼓索神経切断術,150095510,K315
Ｓ状洞血栓（静脈炎）手術,150095810,K316
中耳根治手術,150095910,K317
鼓膜形成手術,150096010,K318
アブミ骨摘出術,150096210,K320
アブミ骨可動化手術,150096350,K320
内耳開窓術,150096410,K321
経迷路的内耳道開放術,150096510,K322
内リンパ嚢開放術,150096610,K323
迷路摘出術（部分摘出）,150096810,K3251
迷路摘出術（全摘出）,150096910,K3252
鼻中隔膿瘍切開術,150097110,K329
鼻中隔血腫切開術,150097210,K330
鼻腔粘膜焼灼術,150097310,K331
下甲介粘膜焼灼術,150097450,K331-2
鼻骨骨折整復固定術,150097710,K333
鼻骨脱臼整復術,150097850,K333-2
鼻骨骨折徒手整復術,150097950,K333-3
鼻骨骨折観血的手術,150098010,K334
鼻中隔骨折観血的手術,150098110,K335
上顎洞鼻外手術,150098250,K335-3
上顎洞鼻内手術,150098450,K335-2
鼻内異物摘出術,150098610,K336
鼻前庭嚢胞摘出術,150098710,K337
鼻甲介切除術（その他）,150098810,K3382
粘膜下下鼻甲介骨切除術,150099010,K339
鼻茸摘出術,150099110,K340
上顎洞性後鼻孔ポリープ切除術,150099210,K341
鼻副鼻腔腫瘍摘出術,150099310,K342
鼻副鼻腔悪性腫瘍手術（切除）,150099410,K3431
鼻副鼻腔悪性腫瘍手術（全摘）,150099510,K3432
経鼻腔的翼突管神経切除術,150099710,K344
萎縮性鼻炎手術（両側）,150099810,K345
後鼻孔閉鎖症手術（単純）（膜性閉鎖）,150099910,K3461
後鼻孔閉鎖症手術（複雑）（骨性閉鎖）,150100010,K3462
鼻中隔矯正術,150100110,K347
前頭洞充填術,150100510,K350
上顎洞根治手術,150100710,K352
鼻内上顎洞根治手術,150100850,K352-2
副鼻腔炎術後後出血止血法,150100950,K352-3
鼻内篩骨洞根治手術,150101010,K353
鼻内蝶形洞根治手術,150101510,K357
上顎洞篩骨洞根治手術,150101610,K358
前頭洞篩骨洞根治手術,150101710,K359
篩骨洞蝶形洞根治手術,150101810,K360
上顎洞篩骨洞蝶形洞根治手術,150101910,K361
上顎洞篩骨洞前頭洞根治手術,150102110,K362
前頭洞篩骨洞蝶形洞根治手術,150102210,K363
汎副鼻腔根治手術,150102310,K364
経上顎洞的翼突管神経切除術,150102510,K365
咽後膿瘍切開術,150102710,K367
扁桃周囲膿瘍切開術,150102810,K368
咽頭異物摘出術（簡単）,150103010,K3691
咽頭異物摘出術（複雑）,150103110,K3692
上咽頭ポリープ摘出術（経口腔）,150103210,K371-21
アデノイド切除術,150103310,K370
上咽頭腫瘍摘出術（経口腔）,150103410,K3711
上咽頭腫瘍摘出術（経鼻腔）,150103510,K3712
上咽頭腫瘍摘出術（経副鼻腔）,150103610,K3713
上咽頭腫瘍摘出術（外切開）,150103710,K3714
中咽頭腫瘍摘出術（経口腔）,150103810,K3721
中咽頭腫瘍摘出術（外切開）,150103910,K3722
下咽頭腫瘍摘出術（経口腔）,150104010,K3731
下咽頭腫瘍摘出術（外切開）,150104110,K3732
咽頭悪性腫瘍手術,150104210,K374
鼻咽腔線維腫手術（切除）,150104410,K3751
鼻咽腔線維腫手術（摘出）,150104510,K3752
上咽頭悪性腫瘍手術,150104610,K376
口蓋扁桃手術（切除）,150104810,K3771
口蓋扁桃手術（摘出）,150104910,K3772
舌扁桃切除術,150105010,K378
過長茎状突起切除術,150105310,K380
上咽頭形成手術,150105510,K381
咽頭瘻閉鎖術,150105610,K382
咽頭皮膚瘻孔閉鎖術,150105750,K382-2
喉頭切開・截開術,150105810,K383
喉頭膿瘍切開術,150106010,K384
喉頭浮腫乱切術,150106110,K385
気管切開術,150106210,K386
喉頭粘膜焼灼術（直達鏡）,150106310,K387
喉頭粘膜下異物挿入術,150106410,K388
喉頭ポリープ切除術（間接喉頭鏡）,150106750,K3891
喉頭ポリープ切除術（直達喉頭鏡）,150106850,K3892
喉頭異物摘出術（直達鏡によらない）,150106910,K3901
喉頭異物摘出術（直達鏡）,150107010,K3902
気管異物除去術（直達鏡）,150107110,K3911
気管異物除去術（開胸手術）,150107210,K3912
喉頭蓋切除術,150107310,K392
喉頭蓋嚢腫摘出術,150107450,K392-2
喉頭腫瘍摘出術（間接喉頭鏡）,150107510,K3931
喉頭腫瘍摘出術（直達鏡）,150107610,K3932
喉頭悪性腫瘍手術（切除）,150107810,K3941
喉頭悪性腫瘍手術（全摘）,150107910,K3942
喉頭悪性腫瘍手術（頸部、胸部、腹部等の操作による再建を含む）,150108110,K395
下咽頭悪性腫瘍手術（頸部、胸部、腹部等の操作による再建を含む）,150108210,K395
気管切開孔閉鎖術,150108410,K396
気管縫合術,150108550,K396-2
喉頭横隔膜切除術,150108610,K397
喉頭狭窄症手術（前方開大術）,150108710,K3981
喉頭狭窄症手術（前壁形成手術）,150108810,K3982
喉頭狭窄症手術（Ｔチューブ挿入術）,150108910,K3983
気管狭窄症手術,150109010,K399
喉頭形成手術（人工形成材料挿置術、軟骨片挿置術）,150109110,K4001
喉頭形成手術（筋弁転位術、軟骨転位術、軟骨除去術）,150109310,K4002
気管口狭窄拡大術,150109610,K401
縦隔気管口形成手術,150109710,K402
気管形成手術（管状気管、気管移植等）（頸部から）,150109810,K4031
気管形成手術（開胸又は胸骨正中切開）,150109910,K4032
抜歯手術（乳歯）,150110010,K4041
抜歯手術（前歯）,150110110,K4042
抜歯手術（臼歯）,150110210,K4043
抜歯手術（埋伏歯）,150110410,K4044
口蓋腫瘍摘出術（口蓋骨に及ぶ）,150110610,K4062
顎・口蓋裂形成手術（軟口蓋のみ）,150110710,K4071
顎・口蓋裂形成手術（硬口蓋に及ぶ）,150110810,K4072
顎・口蓋裂形成手術（顎裂を伴う）（片側）,150110910,K4073
口腔底膿瘍切開術,150111010,K408
口腔底腫瘍摘出術,150111110,K409
口腔底悪性腫瘍手術,150111210,K410
頬粘膜腫瘍摘出術,150111410,K411
頬粘膜悪性腫瘍手術,150111510,K412
舌腫瘍摘出術（粘液嚢胞摘出術）,150111710,K4131
舌腫瘍摘出術（その他）,150111810,K4132
舌根甲状腺腫摘出術,150111910,K414
甲状舌管嚢胞摘出術,150112050,K414-2
舌悪性腫瘍手術（切除）,150112110,K4151
舌悪性腫瘍手術（亜全摘）,150112210,K4152
舌小帯形成手術,150112710,K419
口唇小帯形成手術,150112810,K419
口唇腫瘍摘出術（粘液嚢胞摘出術）,150112910,K4211
口唇腫瘍摘出術（その他）,150113010,K4212
口唇悪性腫瘍手術,150113110,K422
頬腫瘍摘出術（その他）,150113310,K4232
頬悪性腫瘍手術,150113410,K424
口腔、顎、顔面悪性腫瘍切除術,150113610,K425
口唇裂形成手術（片側）（口唇のみ）,150114010,K4261
口唇裂形成手術（片側）（口唇裂鼻形成を伴う）,150114110,K4262
口唇裂形成手術（片側）（鼻腔底形成を伴う）,150114210,K4263
軟口蓋形成手術,150114350,K407-2
鼻咽腔閉鎖術,150114450,K375-2
頬骨骨折観血的整復術,150114510,K427
下顎骨折非観血的整復術,150114610,K428
下顎骨折観血的手術（片側）,150114710,K4291
顎関節脱臼非観血的整復術,150114810,K430
顎関節脱臼観血的手術,150114910,K431
上顎骨折非観血的整復術,150115010,K432
上顎骨折観血的手術,150115110,K433
顔面多発骨折観血的手術,150115210,K434
術後性上顎嚢胞摘出術,150115310,K435
顎骨腫瘍摘出術（長径３ｃｍ未満）,150115410,K4361
顎骨腫瘍摘出術（長径３ｃｍ以上）,150115510,K4362
下顎骨部分切除術,150115610,K437
下顎骨離断術,150115710,K438
下顎骨悪性腫瘍手術（切除）,150115810,K4391
下顎骨悪性腫瘍手術（切断）,150115910,K4392
上顎骨切除術,150116110,K440
上顎骨全摘術,150116210,K441
上顎骨悪性腫瘍手術（掻爬）,150116310,K4421
上顎骨悪性腫瘍手術（切除）,150116410,K4422
上顎骨悪性腫瘍手術（全摘）,150116510,K4423
上顎骨形成術（単純）,150116710,K4431
上顎骨形成術（複雑及び２次的再建）,150116810,K4432
顎関節形成術,150116910,K445
がま腫切開術,150117010,K448
唾液腺膿瘍切開術,150117110,K449
唾石摘出術（表在性）,150117210,K4501
唾石摘出術（深在性）,150117310,K4502
がま腫摘出術,150117410,K451
舌下腺腫瘍摘出術,150117510,K452
顎下腺腫瘍摘出術,150117610,K453
顎下腺摘出術,150117710,K454
顎下腺悪性腫瘍手術,150117810,K455
耳下腺腫瘍摘出術（耳下腺浅葉摘出術）,150118110,K4571
耳下腺腫瘍摘出術（耳下腺深葉摘出術）,150118210,K4572
耳下腺悪性腫瘍手術（切除）,150118310,K4581
耳下腺悪性腫瘍手術（全摘）,150118410,K4582
唾液腺管形成手術,150118610,K459
唾液腺管移動術（上顎洞内）,150118710,K4601
唾液腺管移動術（結膜嚢内）,150118810,K4602
甲状腺部分切除術、甲状腺腫摘出術（片葉のみ）,150118910,K4611
甲状腺部分切除術、甲状腺腫摘出術（両葉）,150119010,K4612
バセドウ甲状腺全摘（亜全摘）術（両葉）,150119310,K462
甲状腺悪性腫瘍手術（切除）,150119410,K4631
甲状腺悪性腫瘍手術（全摘及び亜全摘）,150119510,K4632
副甲状腺（上皮小体）腺腫過形成手術（副甲状腺摘出術）,150119710,K4641
副甲状腺（上皮小体）腺腫過形成手術（副甲状腺全摘、一部筋肉移植）,150119810,K4642
副甲状腺（上皮小体）悪性腫瘍手術（広汎）,150119910,K465
斜角筋切断術,150120010,K466
頸瘻摘出術,150120110,K467
頸嚢摘出術,150120210,K467
頸肋切除術,150120310,K468
頸部郭清術（片）,150120410,K4691
頸部悪性腫瘍手術,150120610,K470
筋性斜頸手術,150120810,K471
乳腺膿瘍切開術,150120910,K472
乳腺腫瘍摘出術（長径５ｃｍ未満）,150121110,K4741
乳腺腫瘍摘出術（長径５ｃｍ以上）,150121210,K4742
乳房切除術,150121410,K475
乳癌冷凍凝固摘出術,150121550,K475-2
乳腺悪性腫瘍手術（単純乳房切除術（乳腺全摘術））,150121610,K4761
乳腺悪性腫瘍手術（乳房切除術・胸筋切除を併施しない）,150121710,K4765
乳腺悪性腫瘍手術（乳房切除術・胸筋切除を併施する）,150121810,K4766
乳腺悪性腫瘍手術（拡大乳房切除術（郭清を併施する））,150121910,K4767
胸壁膿瘍切開術,150122210,K477
肋骨・胸骨カリエス手術,150122310,K478
肋骨骨髄炎手術,150122410,K478
胸壁冷膿瘍手術,150122710,K480
流注膿瘍切開掻爬術,150122850,K480-2
肋骨骨折観血的手術,150123010,K481
肋骨切除術（第１肋骨）,150123210,K4821
肋骨切除術（その他の肋骨）,150123310,K4822
胸骨切除術,150123610,K483
胸壁悪性腫瘍摘出術（胸壁形成手術を併施）,150123810,K4841
胸壁悪性腫瘍摘出術（その他）,150123910,K4842
胸骨悪性腫瘍摘出術（胸壁形成手術を併施）,150124150,K484-21
胸骨悪性腫瘍摘出術（その他）,150124250,K484-22
胸壁腫瘍摘出術,150124310,K485
胸壁瘻手術,150124410,K486
漏斗胸手術（胸骨挙上法）,150124510,K4871
漏斗胸手術（胸骨翻転法）,150124610,K4872
試験開胸術,150124710,K488
骨膜外、胸膜外充填術,150125610,K493
胸腔内（胸膜内）血腫除去術,150125910,K494
醸膿胸膜、胸膜胼胝切除術（１肺葉に相当する範囲以内）,150126610,K4961
醸膿胸膜、胸膜胼胝切除術（１肺葉に相当する範囲を超える）,150126710,K4962
膿胸腔有茎筋肉弁充填術,150127210,K497
試験的開胸開腹術,150127350,K488-2
胸郭形成手術（膿胸手術）（肋骨切除を主とする）,150127510,K4981
胸郭形成手術（膿胸手術）（胸膜胼胝切除を併施する）,150127610,K4982
胸郭形成手術（肺切除後遺残腔を含む）,150127810,K499
乳糜胸手術,150128210,K501
縦隔腫瘍、胸腺摘出術,150128310,K502
縦隔郭清術,150128510,K503
縦隔悪性腫瘍手術（単純摘出）,150128610,K5041
肺膿瘍切開排膿術,150129010,K507
気管支狭窄拡張術（気管支鏡）,150129110,K508
気管支異物除去術（直達鏡）,150129210,K5091
気管支異物除去術（開胸手術）,150129310,K5092
気管支腫瘍摘出術（気管支鏡又は気管支ファイバースコープ）,150129410,K510
肺切除術（楔状部分切除）,150129710,K5111
肺切除術（区域切除（１肺葉に満たない））,150129810,K5112
肺切除術（肺葉切除）,150129910,K5113
肺切除術（複合切除（１肺葉を超える））,150130010,K5114
肺切除術（１側肺全摘）,150130110,K5115
肺剥皮術,150131210,K515
気管支瘻閉鎖術,150131310,K516
肺縫縮術,150131610,K517
気管支形成手術（楔状切除術）,150131710,K5181
気管支形成手術（輪状切除術）,150131810,K5182
食道縫合術（穿孔、損傷）（頸部手術）,150132110,K5201
食道縫合術（穿孔、損傷）（開胸手術）,150132210,K5202
食道縫合術（穿孔、損傷）（開腹手術）,150132310,K5203
食道周囲膿瘍切開誘導術（開胸手術）,150132410,K5211
食道周囲膿瘍切開誘導術（胸骨切開）,150132510,K5212
食道周囲膿瘍切開誘導術（その他）,150132610,K5213
食道狭窄拡張術（内視鏡）,150132710,K5221
食道狭窄拡張術（食道ブジー法）,150132810,K5222
食道異物摘出術（頸部手術）,150133010,K5231
食道異物摘出術（開胸手術）,150133110,K5232
食道異物摘出術（開腹手術）,150133210,K5233
食道憩室切除術（頸部手術）,150133610,K5241
食道憩室切除術（開胸）,150133710,K5242
食道切除再建術（頸部、胸部、腹部の操作）,150133810,K5251
食道切除再建術（胸部、腹部の操作）,150133910,K5252
食道切除再建術（腹部の操作）,150134010,K5253
食道悪性腫瘍手術（単に切除のみ）（頸部食道）,150134110,K5271
食道悪性腫瘍手術（単に切除のみ）（胸部食道）,150134210,K5272
胸壁外皮膚管形成吻合術（頸部、胸部、腹部操作）,150134450,K525-21
先天性食道閉鎖症根治手術,150135010,K528
食道悪性腫瘍手術（消化管再建手術併施）（頸部、胸部、腹部の操作）,150135110,K5291
食道悪性腫瘍手術（消化管再建手術併施）（胸部、腹部の操作）,150135210,K5292
食道悪性腫瘍手術（消化管再建手術併施）（腹部の操作）,150135310,K5293
食道アカラシア形成手術,150135510,K530
食道切除後２次的再建術（皮弁形成）,150135710,K5311
食道切除後２次的再建術（消化管利用）,150135810,K5312
食道・胃静脈瘤手術（血行遮断術を主とする）,150136110,K5321
食道・胃静脈瘤手術（食道離断術を主とする）,150136210,K5322
食道静脈瘤手術（開腹）,150136350,K532-2
食道・胃静脈瘤硬化療法（内視鏡）,150136510,K533
横隔膜縫合術（経胸）,150136610,K5341
横隔膜縫合術（経腹）,150136710,K5341
横隔膜縫合術（経胸及び経腹）,150136810,K5342
横隔膜レラクサチオ手術（経胸）,150136950,K534-21
横隔膜レラクサチオ手術（経腹）,150137050,K534-21
横隔膜レラクサチオ手術（経胸及び経腹）,150137150,K534-22
胸腹裂孔ヘルニア手術（経胸）,150137210,K5351
胸腹裂孔ヘルニア手術（経腹）,150137310,K5351
胸腹裂孔ヘルニア手術（経胸及び経腹）,150137410,K5352
後胸骨ヘルニア手術,150137810,K536
食道裂孔ヘルニア手術（経胸）,150137910,K5371
食道裂孔ヘルニア手術（経腹）,150138010,K5371
食道裂孔ヘルニア手術（経胸及び経腹）,150138110,K5372
心膜縫合術,150138210,K538
心筋縫合止血術（外傷性）,150138310,K538-2
心膜切開術,150138410,K539
心膜嚢胞、心膜腫瘍切除術,150138510,K539-2
収縮性心膜炎手術,150138710,K540
体動脈肺動脈短絡手術（ブラロック手術、ウォーターストン手術）,150138810,K566
肺動脈絞扼術,150139110,K563
閉鎖式僧帽弁交連切開術,150139310,K559
肺動脈狭窄症手術（肺動脈弁切開術（単独））,150139410,K5701
大血管転位症手術（心室中隔欠損閉鎖術を伴う）,150139510,K5833
心房中隔欠損作成術（経皮的心房中隔欠損作成術（ラシュキンド法））,150139610,K5731
開胸心臓マッサージ,150140010,K545
ペースメーカー移植術（心筋電極）,150140110,K5971
ペースメーカー移植術（経静脈電極）,150140210,K5972
ペースメーカー交換術,150140410,K597-2
試験開心術,150140510,K541
心腔内異物除去術,150140610,K542
心房内血栓除去術,150140710,K543
心腫瘍摘出術（単独）,150140810,K5441
弁形成術（１弁）,150141010,K5541
三尖弁閉鎖症手術（両方向性グレン手術）,150141310,K5861
弁置換術（１弁）,150141410,K5551
弁輪拡大術を伴う大動脈弁置換術,150141510,K557-3
弁置換術（２弁）,150141610,K5552
弁置換術（３弁）,150141710,K5553
心房中隔欠損閉鎖術（単独）,150141810,K5741
心房中隔欠損閉鎖術（肺動脈弁狭窄を合併する）,150141910,K5742
三心房心手術,150142050,K575
心室中隔欠損閉鎖術（単独）,150142110,K5761
心室中隔欠損閉鎖術（肺動脈絞扼術後肺動脈形成を伴う）,150142210,K5762
心室中隔欠損閉鎖術（大動脈弁形成を伴う）,150142310,K5763
心房中隔欠損作成術（心房中隔欠損作成術）,150142410,K5732
大血管転位症手術（マスタード・セニング手術）,150142510,K5831
心室中隔欠損閉鎖術（右室流出路形成を伴う）,150142810,K5764
肺動脈狭窄症手術（右室流出路形成又は肺動脈形成を伴う）,150142910,K5702
心室瘤切除術（単独）,150143010,K5531
心室瘤切除術（冠動脈血行再建術（１吻合）を伴う）,150143110,K5532
大動脈弁狭窄直視下切開術,150143610,K556
大動脈弁上狭窄手術,150143710,K557
大動脈弁下狭窄切除術,150143810,K557-2
バルサルバ洞動脈瘤手術（単独）,150144010,K5771
大動脈肺動脈中隔欠損症手術（単独）,150144110,K5681
肺動脈塞栓除去術,150144310,K592
右室二腔症手術,150144550,K578
肺静脈血栓除去術,150144810,K593
肺静脈形成術,150144910,K572
肺静脈還流異常症手術（部分肺静脈還流異常）,150145110,K5711
大血管転位症手術（ジャテーン手術）,150145310,K5832
冠動脈起始異常症手術,150145410,K589
冠動静脈瘻開胸的遮断術,150145510,K588
冠動脈形成術（血栓内膜摘除）（１箇所）,150145710,K5511
冠動脈形成術（血栓内膜摘除）（２箇所以上）,150145810,K5512
冠動脈、大動脈バイパス移植術（１吻合）,150145910,K5521
冠動脈、大動脈バイパス移植術（２吻合以上）,150146010,K5522
自家血管採取料,150146350,K0002
小児自家血管採取料,150146450,K000-23
ファロー四徴症手術（右室流出路形成術を伴う）,150146510,K5801
ファロー四徴症手術（末梢肺動脈形成術を伴う）,150146610,K5802
単心室症手術（心室中隔造成術）,150146710,K5863
両大血管右室起始症手術（右室流出路形成を伴う）,150146810,K5822
両大血管右室起始症手術（単独）,150146910,K5821
大血管転位症手術（ラステリ手術を伴う）,150147010,K5834
総動脈幹症手術,150147310,K585
不完全型房室中隔欠損症手術（心房中隔欠損パッチ閉鎖術（単独））,150147410,K5791
不完全型房室中隔欠損症手術（心房中隔欠損パッチ閉鎖及び弁形成術）,150147510,K5792
人工心肺（初日）,150147610,K6011
人工心肺（２日目以降）,150147910,K6012
大動脈バルーンパンピング法（ＩＡＢＰ法）（初日）,150148010,K6001
大動脈バルーンパンピング法（ＩＡＢＰ法）（２日目以降）,150148110,K6002
血管露出術,150148210,K606
血管結紮術（開胸を伴う）,150148310,K6071
血管結紮術（開腹を伴う）,150148410,K6071
血管結紮術（その他）,150148610,K6072
血管縫合術（簡単）,150148750,K607-2
内シャント血栓除去術,150148850,K608-3
動脈塞栓除去術（開腹を伴う）,150148910,K6081
動脈塞栓除去術（開胸を伴う）,150149010,K6081
動脈塞栓除去術（その他）（観血的）,150149110,K6082
動脈血栓内膜摘出術（大動脈に及ぶ）,150149410,K6091
動脈血栓内膜摘出術（その他）,150149510,K6093
大動脈瘤切除術（弓部）,150150010,K5602
大動脈瘤切除術（下行）,150150110,K5604
動脈形成術、吻合術（頭蓋内動脈）,150150310,K6101
動脈形成術、吻合術（胸腔内動脈）（大動脈を除く）,150150410,K6102
動脈形成術、吻合術（腹腔内動脈）（大動脈を除く）,150150510,K6103
動脈形成術、吻合術（その他の動脈）,150150610,K6105
内シャント設置術,150151150,K610-3
外シャント設置術,150151250,K610-3
四肢の血管吻合術,150151350,K610-4
血管吻合術及び神経再接合術（上腕動脈、正中神経及び尺骨神経）,150151450,K610-5
動脈管開存症手術（動脈管開存閉鎖術（直視下））,150151810,K5622
大動脈縮窄（離断）症手術（単独）,150151910,K5671
腎血管性高血圧症手術（経皮的腎血管拡張術）,150152010,K613
血管移植術、バイパス移植術（大動脈）,150152210,K6141
血管移植術、バイパス移植術（胸腔内動脈）,150152310,K6142
血管移植術、バイパス移植術（腹腔内動脈）,150152410,K6143
血管移植術、バイパス移植術（頭、頸部動脈）,150152510,K6144
血管移植術、バイパス移植術（その他の動脈）,150152710,K6147
四肢の血管拡張術・血栓除去術,150153810,K616
下肢静脈瘤手術（抜去切除術）,150154010,K6171
大伏在静脈抜去術,150154150,K617-2
静脈血栓摘出術（開腹を伴う）,150154210,K6191
静脈血栓摘出術（その他（観血的））,150154310,K6192
総腸骨静脈及び股静脈血栓除去術,150154430,K619-2
門脈体循環静脈吻合術（門脈圧亢進症手術）,150154510,K621
胸管内頸静脈吻合術,150154610,K622
静脈形成術、吻合術（胸腔内静脈）,150154710,K6231
静脈形成術、吻合術（腹腔内静脈）,150154810,K6232
静脈形成術、吻合術（その他の静脈）,150154910,K6233
リンパ管腫摘出術（長径５ｃｍ未満）,150155410,K6251
リンパ管腫摘出術（長径５ｃｍ以上）,150155510,K6252
リンパ節摘出術（長径３ｃｍ未満）,150155610,K6261
リンパ節摘出術（長径３ｃｍ以上）,150155710,K6262
リンパ節群郭清術（顎下部又は舌下部）（浅在性）,150156210,K6271
リンパ節群郭清術（頸部）（深在性）,150156410,K6272
リンパ節群郭清術（鎖骨上窩及び下窩）,150156510,K6273
リンパ節群郭清術（腋窩）,150156610,K6274
リンパ節群郭清術（胸骨旁）,150156710,K6275
リンパ節群郭清術（鼠径部及び股部）,150156810,K6276
リンパ節群郭清術（後腹膜）,150156910,K6277
頸動脈球摘出術,150157150,K616-2
リンパ管吻合術,150157510,K628
脾腎静脈吻合術,150157650,K623-2
腹壁膿瘍切開術,150157810,K630
腹壁瘻手術（腹壁に限局）,150157910,K6311
腹壁瘻手術（腹腔に通ずる）,150158010,K6312
腹壁腫瘍摘出術（形成手術を必要としない）,150158210,K6321
腹壁腫瘍摘出術（形成手術を必要とする）,150158310,K6322
腹壁瘢痕ヘルニア手術,150158410,K6331
半月状線ヘルニア手術,150158510,K6332
白線ヘルニア手術,150158610,K6332
腹直筋離開手術,150158710,K6332
臍ヘルニア手術,150158810,K6333
臍帯ヘルニア手術,150158910,K6334
鼠径ヘルニア手術,150159010,K6335
大腿ヘルニア手術,150159110,K6336
腰ヘルニア手術,150159210,K6337
閉鎖孔ヘルニア手術,150159310,K6338
内ヘルニア手術,150159410,K6339
胸水・腹水濾過濃縮再静注法,150159710,K635
試験開腹術,150160010,K636
限局性腹腔膿瘍手術（横隔膜下膿瘍）,150160110,K6371
限局性腹腔膿瘍手術（ダグラス窩膿瘍）,150160210,K6372
限局性腹腔膿瘍手術（虫垂周囲膿瘍）,150160310,K6373
限局性腹腔膿瘍手術（その他）,150160410,K6374
骨盤腹膜外膿瘍切開排膿術,150160610,K638
急性汎発性腹膜炎手術,150160810,K639
結核性腹膜炎手術,150160950,K639-2
腸間膜損傷手術（縫合、修復のみ）,150161110,K6401
腸間膜損傷手術（腸管切除を伴う）,150161310,K6402
大網切除術,150161410,K641
大網、腸間膜、後腹膜腫瘍摘出術（腸切除を伴わない）,150161510,K6421
大網、腸間膜、後腹膜腫瘍摘出術（腸切除を伴う）,150161610,K6422
膀胱後腫瘍摘出術（腸管切除を伴わない）,150162150,K802-31
膀胱後腫瘍摘出術（腸管切除を伴う）,150162250,K802-32
後腹膜悪性腫瘍手術,150162310,K643
臍腸管瘻手術（腸管切除を伴わない）,150162610,K6441
臍腸管瘻手術（腸管切除を伴う）,150162710,K6442
胃血管結紮術（急性胃出血手術）,150162910,K646
胃縫合術（大網充填術又は被覆術を含む）,150163010,K647
胃切開術,150163110,K648
胃吊上げ固定術（胃下垂症手術）,150163710,K649
胃捻転症手術,150164110,K649
胃、十二指腸憩室切除術・ポリープ切除術（開腹）,150164210,K652
内視鏡的胃、十二指腸ポリープ・粘膜切除術（その他）,150164410,K6534
内視鏡的消化管止血術,150164850,K654
内視鏡的食道及び胃内異物摘出術,150165050,K653-3
胃切除術（単純切除術）,150165210,K6551
十二指腸窓（内方）憩室摘出術,150165650,K655-3
胆嚢摘出術と十二指腸空腸吻合術,150165850,K672
胃縮小術,150165910,K656
胃全摘術（単純全摘術）,150166110,K6571
胃切除術（悪性腫瘍手術）,150168010,K6552
胃全摘術（悪性腫瘍手術）,150168110,K6572
胆嚢悪性腫瘍手術（胆嚢に限局するもの（リンパ節郭清を含む））,150169950,K6751
食道下部迷走神経切除術（幹迷切）（単独）,150170110,K6591
食道下部迷走神経切除術（幹迷切）（ドレナージを併施）,150170210,K6592
食道下部迷走神経切除術（幹迷切）（胃切除術を併施）,150170310,K6593
食道下部迷走神経選択的切除術（単独）,150170610,K6601
食道下部迷走神経選択的切除術（ドレナージを併施）,150170710,K6602
食道下部迷走神経選択的切除術（胃切除術を併施）,150170810,K6603
胃冠状静脈結紮及び切除術,150171210,K661
胃腸吻合術（ブラウン吻合を含む）,150171310,K662
十二指腸空腸吻合術,150171510,K663
胃瘻造設術（経皮的内視鏡下胃瘻造設術、腹腔鏡下胃瘻造設術を含む）,150171610,K664
幽門形成術（粘膜外幽門筋切開術を含む）,150171810,K666
噴門形成術,150171910,K667
胃横断術（静脈瘤手術）,150172010,K668
胆管切開術,150172110,K669
胆嚢切開結石摘出術,150172210,K670
胆管切開結石摘出術（胆嚢摘出を含まない）,150172310,K6712
胆嚢摘出術,150172410,K672
胆管形成手術（胆管切除術を含む）,150173110,K673
総胆管拡張症手術,150173210,K674
胆嚢胃（腸）吻合術,150173710,K679
総胆管胃（腸）吻合術,150173910,K680
胆嚢外瘻造設術,150174110,K681
胆管外瘻造設術（開腹）,150174210,K6821
胆管外瘻造設術（経皮経肝）,150174310,K6822
経皮的胆管ドレナージ術,150174550,K682-2
先天性胆道閉鎖症手術,150174810,K684
内視鏡的胆道結石除去術（胆道砕石術を伴う）,150174910,K6851
内視鏡的胆道拡張術,150175310,K686
内視鏡的乳頭切開術（乳頭括約筋切開のみ）,150175410,K6871
肝縫合術,150175610,K690
肝膿瘍切開術（開腹）,150175710,K6911
肝膿瘍切開術（開胸）,150175810,K6912
肝嚢胞切開又は縫縮術,150175910,K692
肝内結石摘出術（開腹）,150176110,K693
肝嚢胞、肝膿瘍摘出術,150176210,K694
肝内胆管（肝管）胃（腸）吻合術,150177210,K696
肝内胆管外瘻造設術（開腹）,150177310,K6971
肝内胆管外瘻造設術（経皮経肝）,150177410,K6972
膵結石手術（膵切開）,150177810,K6991
膵結石手術（経十二指腸乳頭）,150177910,K6992
膵体尾部腫瘍切除術（膵尾部切除術）（脾同時切除）,150178110,K7021
膵体尾部腫瘍切除術（リンパ節・神経叢郭清等を伴う腫瘍切除術）,150178210,K7022
膵頭部腫瘍切除術（膵頭十二指腸切除術）,150178410,K7031
膵全摘術,150178710,K704
膵嚢胞胃（腸）吻合術,150179010,K705
膵管空腸吻合術,150179110,K706
膵嚢胞外瘻造設術（内視鏡）,150179210,K7071
膵嚢胞外瘻造設術（開腹）,150179310,K7072
膵管外瘻造設術,150179410,K708
膵管誘導手術,150179550,K708-2
膵瘻閉鎖術,150179610,K709
脾縫合術（部分切除を含む）,150179710,K710
脾摘出術,150179810,K711
破裂腸管縫合術,150180010,K712
腸切開術,150180110,K713
腸管癒着症手術,150180210,K714
腸閉塞症手術（腸管癒着症手術）,150180350,K714
腸閉塞症手術（腸重積症整復術）（非観血的）,150180450,K7151
腸閉塞症手術（腸重積症整復術）（観血的）,150180550,K7152
腸閉塞症手術（小腸切除術）（悪性腫瘍手術以外の切除術）,150180650,K7161
腸閉塞症手術（結腸切除術）（小範囲切除）,150180750,K7191
腸閉塞症手術（結腸切除術）（結腸半側切除）,150180850,K7192
腸閉塞症手術（結腸切除術）（全切除、亜全切除又は悪性腫瘍手術）,150180950,K7193
腸重積症整復術（非観血的）,150181010,K7151
腸重積症整復術（観血的）,150181110,K7152
小腸切除術（悪性腫瘍手術以外の切除術）,150181210,K7161
小腸腫瘍、小腸憩室摘出術（メッケル憩室炎手術を含む）,150181310,K717
虫垂切除術（虫垂周囲膿瘍を伴わないもの）,150181610,K7181
結腸切除術（小範囲切除）,150181710,K7191
結腸切除術（結腸半側切除）,150181810,K7192
結腸切除術（全切除、亜全切除又は悪性腫瘍手術）,150181910,K7193
ピックレル氏手術,150182150,K719-4
結腸腫瘍摘出術（回盲部腫瘍摘出術を含む）,150183110,K720
内視鏡的大腸ポリープ・粘膜切除術（長径２ｃｍ以上）,150183410,K7212
結腸ポリープ切除術（開腹）,150183510,K720
腸吻合術,150184110,K724
腸瘻造設術,150184310,K725
虫垂瘻造設術,150184410,K725
人工肛門造設術,150184510,K726
腹壁外腸管前置術,150184610,K727
腸狭窄部切開縫合術,150184710,K728
腸閉鎖症手術（腸管切除を伴わない）,150184810,K7291
腸閉鎖症手術（腸管切除を伴う）,150184910,K7292
小腸瘻閉鎖術（腸管切除を伴わない）,150185210,K7301
小腸瘻閉鎖術（腸管切除を伴う）,150185310,K7302
結腸瘻閉鎖術（腸管切除を伴わない）,150185410,K7311
結腸瘻閉鎖術（腸管切除を伴う）,150185510,K7312
人工肛門閉鎖術（腸管切除を伴わない）,150185610,K7321
人工肛門閉鎖術（腸管切除を伴う）,150185710,K7322
盲腸縫縮術,150185810,K733
腸回転異常症手術,150185910,K734
先天性巨大結腸症手術,150186010,K735
人工肛門形成術（開腹を伴う）,150186110,K7361
人工肛門形成術（その他）,150186210,K7362
直腸周囲膿瘍切開術,150186510,K737
直腸異物除去術（経肛門）（内視鏡）,150186610,K7381
直腸異物除去術（開腹）,150186710,K7382
直腸腫瘍摘出術（経肛門）,150186810,K7391
直腸腫瘍摘出術（経括約筋）,150186910,K7392
直腸腫瘍摘出術（経腹及び経肛）,150187010,K7393
直腸切除・切断術（切除術）,150187110,K7401
直腸切除・切断術（切断術）,150187210,K7404
直腸狭窄形成手術,150187510,K741
直腸脱手術（直腸挙上固定）,150187710,K7422
直腸脱手術（骨盤底形成）,150187810,K7423
直腸脱手術（腹会陰（腸切除を含む））,150187910,K7424
子宮脱手術及び卵管結紮術,150188150,K7424
痔核手術（脱肛を含む）（硬化療法）,150188210,K7431
痔核手術（脱肛を含む）（結紮術）,150188310,K7433
痔核手術（脱肛を含む）（焼灼術）,150188410,K7433
痔核手術（脱肛を含む）（血栓摘出術）,150188510,K7433
痔核手術（脱肛を含む）（根治手術（硬化療法）を伴わない）,150188610,K7434
肛門括約筋切開術,150188750,K743-2
モルガニー氏洞及び肛門管切開術,150188950,K743-5
肛門部皮膚剥離切除術,150189050,K743-6
痔核手術後狭窄拡張手術,150189550,K743-4
裂肛根治手術,150189610,K744
肛門潰瘍根治手術,150189710,K744
肛門周囲膿瘍切開術,150189810,K745
痔瘻根治手術（単純）,150189910,K7461
痔瘻根治手術（複雑）,150190010,K7462
高位直腸瘻手術,150190150,K746-2
肛門良性腫瘍切除術,150190210,K747
肛門ポリープ切除術,150190310,K747
肛門尖圭コンジローム切除術,150190410,K747
腟ポリープ切除術,150190550,K856-3
腟壁尖圭コンジローム切除術,150190650,K856-4
肛門悪性腫瘍手術（切除）,150190710,K7481
肛門拡張術（観血的）,150190910,K749
肛門括約筋形成手術（瘢痕切除）,150191010,K7501
肛門括約筋形成手術（縫縮）,150191110,K7501
肛門括約筋形成手術（組織置換）,150191210,K7502
鎖肛手術（肛門膜状閉鎖切開）,150191310,K7511
鎖肛手術（会陰式）,150191410,K7512
鎖肛手術（仙骨会陰式）,150191510,K7513
鎖肛手術（腹会陰式）,150191610,K7514
鎖肛手術（腹仙骨式）,150191710,K7514
肛門形成手術（肛門狭窄形成手術）,150191810,K7521
肛門形成手術（直腸粘膜脱形成手術）,150191910,K7522
毛巣嚢手術,150192010,K753
毛巣瘻手術,150192110,K753
毛巣洞手術,150192250,K753
副腎摘出術,150192310,K754
副腎悪性腫瘍手術,150192810,K756
腎破裂縫合術,150193010,K757
腎破裂手術,150193150,K757-2
腎周囲膿瘍切開術,150193210,K758
腎切半術,150193410,K759
癒合腎離断術,150193510,K760
腎被膜剥離術,150193610,K761
腎固定術,150193710,K762
腎切石術,150193810,K763
経皮的尿路結石除去術,150194010,K764
経皮的腎盂腫瘍切除術,150194210,K765
経皮的尿管拡張術,150194310,K766
腎盂切石術,150194410,K767
体外衝撃波腎・尿管結石破砕術,150194510,K768
腎部分切除術,150194610,K769
腎嚢胞切除縮小術,150194810,K770
腎摘出術,150195010,K772
腎（尿管）悪性腫瘍手術,150195210,K773
経皮的腎（腎盂）瘻造設術,150195610,K775
腎（腎盂）皮膚瘻閉鎖術,150195910,K776
腎盂形成手術,150196110,K778
移植用腎採取術（生体）,150196210,K779
同種死体腎移植術,150196310,K780
経尿道的尿路結石除去術（その他）,150196610,K7812
経尿道的尿管結石摘出（透視下にバスケットワイヤーカテーテル使用）,150196750,K7812
尿管切石術（上部及び中部）,150196810,K7821
尿管切石術（膀胱近接部）,150196910,K7822
経尿道的尿管狭窄拡張術,150197010,K783
残存尿管摘出術,150197110,K784
尿管膀胱吻合術,150197210,K786
尿管尿管吻合術,150197310,K787
尿管腸吻合術,150197410,K788
尿管腸膀胱吻合術,150197510,K789
腎部分切除術（腎空洞切開術・腎盂尿管移行部形成術併施）,150197750,K769
尿管皮膚瘻造設術,150197810,K790
尿管皮膚瘻閉鎖術,150197910,K791
尿管腟瘻閉鎖術,150198110,K793
尿管口形成手術,150198310,K794
膀胱破裂閉鎖術,150198410,K795
膀胱周囲膿瘍切開術,150198510,K796
膀胱内凝血除去術,150198610,K797
膀胱結石摘出術（経尿道的手術）,150198710,K7981
膀胱結石摘出術（膀胱高位切開術）,150198810,K7982
膀胱異物摘出術（経尿道的手術）,150198910,K7981
膀胱異物摘出術（膀胱高位切開術）,150199010,K7982
経尿道的尿管凝血除去術（バスケットワイヤーカテーテル使用）,150199150,K798-2
膀胱壁切除術,150199210,K799
膀胱憩室切除術,150199310,K800
経尿道的電気凝固術,150199450,K800-2
膀胱単純摘除術（腸管利用の尿路変更を行う）,150199510,K8011
膀胱単純摘除術（その他）,150199610,K8012
膀胱脱手術（その他）,150200450,K802-22
膀胱悪性腫瘍手術（切除）,150200510,K8031
膀胱悪性腫瘍手術（全摘（尿路変更を行わない））,150200610,K8032
尿膜管摘出術,150201010,K804
膀胱瘻造設術,150201110,K805
膀胱皮膚瘻閉鎖術,150201510,K806
膀胱腟瘻閉鎖術,150201610,K807
膀胱子宮瘻閉鎖術,150201810,K809
膀胱尿管逆流手術,150201950,K809-2
ボアリー氏手術,150202010,K810
腸管利用膀胱拡大術,150202110,K811
尿道周囲膿瘍切開術,150202410,K813
外尿道口切開術,150202510,K814
尿道結石摘出術（前部尿道）,150202610,K8151
尿道結石摘出術（後部尿道）,150202710,K8152
尿道異物摘出術（前部尿道）,150202810,K8151
尿道異物摘出術（後部尿道）,150202910,K8152
外尿道腫瘍切除術,150203010,K816
尿道下裂形成手術,150204810,K819
陰茎形成術,150204950,K819-2
尿道上裂形成手術,150205010,K820
尿道狭窄内視鏡手術,150205710,K821
女子尿道脱手術,150205810,K822
尿失禁手術（恥骨固定式膀胱頸部吊上術を行うもの）,150206010,K8231
陰茎尖圭コンジローム切除術,150206310,K824
陰茎全摘術,150206410,K825
陰茎切断術,150206510,K826
陰茎様陰核形成手術,150206650,K826-3
陰茎悪性腫瘍手術（陰茎切除）,150206710,K8271
陰茎悪性腫瘍手術（陰茎全摘）,150206810,K8272
包茎手術（背面切開術）,150207110,K8281
包茎手術（環状切除術）,150207210,K8282
精管切断、切除術（両側）,150207310,K829
精巣摘出術,150207510,K830
精巣上体摘出術,150207910,K832
精索静脈瘤手術,150208410,K834
陰嚢水腫手術（その他）,150208510,K8352
停留精巣固定術,150208610,K836
精管形成手術,150208710,K837
前立腺膿瘍切開術,150208810,K839
前立腺被膜下摘出術,150209010,K840
前立腺悪性腫瘍手術,150209310,K843
バルトリン腺膿瘍切開術,150209510,K844
処女膜切開術,150209610,K845
処女膜切除術,150210510,K846
輪状処女膜切除術,150210610,K847
バルトリン腺嚢胞腫瘍摘出術（造袋術を含む）,150210710,K848
女子外性器腫瘍摘出術,150210910,K849
女子外性器悪性腫瘍手術（切除）,150211010,K8501
女子外性器悪性腫瘍手術（皮膚移植（筋皮弁使用））,150211110,K8502
腟絨毛性腫瘍摘出術,150211350,K850-2
会陰形成手術（筋層に及ばない）,150211410,K8511
会陰形成手術（筋層に及ぶ）,150211510,K8512
癒合陰唇形成手術（筋層に及ばない）,150211650,K851-31
癒合陰唇形成手術（筋層に及ぶ）,150211750,K851-32
腟壁裂創縫合術（分娩時を除く）（前壁裂創）,150211810,K8521
腟壁裂創縫合術（分娩時を除く）（後壁裂創）,150211910,K8521
腟壁裂創縫合術（分娩時を除く）（前後壁裂創）,150212010,K8522
腟壁裂創縫合術（分娩時を除く）（腟円蓋に及ぶ裂創）,150212110,K8523
腟閉鎖術（その他）,150212310,K8532
腟式子宮旁結合織炎（膿瘍）切開術,150212410,K854
後腟円蓋切開（異所性妊娠）,150212650,K854-2
腟中隔切除術（不全隔）,150212810,K8551
腟中隔切除術（全中隔）,150212910,K8552
腟壁腫瘍摘出術,150213010,K856
腟壁嚢腫切除術,150213150,K856-2
腟壁悪性腫瘍手術,150213210,K857
造腟術（拡張器利用）,150213610,K8591
造腟術（遊離植皮）,150213710,K8592
造腟術（腸管形成）,150213810,K8594
腟閉鎖症術（拡張器利用）,150213950,K8591
腟閉鎖症術（遊離植皮）,150214050,K8592
腟閉鎖症術（腸管形成）,150214150,K8594
腟壁形成手術,150214510,K860
子宮内膜掻爬術,150214610,K861
クレニッヒ手術,150214710,K862
子宮位置矯正術（アレキサンダー手術）,150214810,K8641
子宮位置矯正術（開腹による位置矯正術）,150214910,K8642
子宮位置矯正術（癒着剥離矯正術）,150215010,K8643
子宮脱手術（腟壁形成手術及び子宮位置矯正術）,150215110,K8651
子宮脱手術（ハルバン・シャウタ手術）,150215210,K8652
子宮脱手術（マンチェスター手術）,150215310,K8653
子宮脱手術（腟壁形成手術及び子宮全摘術）（腟式、腹式）,150215410,K8654
子宮頸管ポリープ切除術,150216010,K866
子宮腟部冷凍凝固術,150216150,K866-2
子宮頸部（腟部）切除術,150216510,K867
子宮頸部異形成上皮レーザー照射治療,150216650,K867-4
子宮息肉様筋腫摘出術（腟式）,150216810,K871
子宮筋腫摘出（核出）術（腹式）,150216910,K8721
痕跡副角子宮手術（腹式）,150217050,K872-41
子宮腟上部切断術,150217410,K876
子宮全摘術,150217510,K877
広靱帯内腫瘍摘出術,150217610,K878
子宮悪性腫瘍手術,150217710,K879
腹壁子宮瘻手術,150218210,K881
重複子宮手術,150218310,K882
双角子宮手術,150218410,K882
子宮頸管形成手術,150218710,K883
子宮頸管閉鎖症手術（非観血的）,150218850,K883-21
子宮頸管閉鎖症手術（観血的）,150218950,K883-22
奇形子宮形成手術（ストラスマン手術）,150219010,K884
腟式卵巣嚢腫内容排除術,150219210,K885
子宮附属器癒着剥離術（両側）（開腹）,150219410,K8861
卵管口切開術（開腹）,150219650,K887-31
卵巣部分切除術（開腹）,150219710,K8871
卵管結紮術（両側）（開腹）,150219850,K887-21
子宮附属器腫瘍摘出術（両側）（開腹）,150220010,K8881
卵管全摘除術（両側）（開腹）,150220150,K888-21
卵管腫瘤全摘除術（両側）（開腹）,150220250,K888-21
子宮卵管留血腫手術（両側）（開腹）,150220450,K888-21
子宮附属器悪性腫瘍手術（両側）,150220710,K889
卵管形成手術（卵管・卵巣移植、卵管架橋等）,150220910,K890
分娩時頸部切開術,150221010,K891
骨盤位娩出術,150221110,K892
吸引娩出術,150221210,K893
低位（出口）鉗子娩出術,150221310,K8941
中位鉗子娩出術,150221410,K8942
会陰（陰門）切開及び縫合術（分娩時）,150221510,K895
会陰（腟壁）裂創縫合術（分娩時）（筋層に及ぶ）,150221610,K8961
会陰（腟壁）裂創縫合術（分娩時）（肛門に及ぶ）,150221710,K8962
会陰（腟壁）裂創縫合術（分娩時）（腟円蓋に及ぶ）,150221810,K8963
会陰（腟壁）裂創縫合術（分娩時）（直腸裂創を伴う）,150221910,K8964
頸管裂創縫合術（分娩時）,150222010,K897
帝王切開術（緊急帝王切開）,150222110,K8981
帝王切開術（選択帝王切開）,150222210,K8982
胎児縮小術,150222310,K899
臍帯還納術,150222410,K900
脱垂肢整復術,150222550,K900-2
子宮双手圧迫術,150222610,K901
胎盤用手剥離術,150222710,K902
子宮破裂手術（子宮全摘除を行う）,150222810,K9031
子宮破裂手術（子宮腟上部切断を行う）,150222910,K9032
子宮破裂手術（その他）,150223010,K9033
妊娠子宮摘出術（ポロー手術）,150223110,K904
子宮内反症整復手術（腟式）（観血的）,150223210,K9052
子宮内反症整復手術（腹式）（観血的）,150223310,K9052
子宮頸管縫縮術（マクドナルド法）,150223410,K9061
子宮頸管縫縮術（シロッカー法）,150223510,K9062
子宮頸管縫縮術（ラッシュ法）,150223610,K9062
子宮頸管縫縮術（縫縮解除術）（チューブ抜去術）,150223710,K9063
胎児外回転術,150223910,K907
胎児内（双合）回転術,150224010,K908
流産手術（妊娠１１週超２１週まで）,150224210,K9092
胞状奇胎除去術,150224410,K911
異所性妊娠手術（開腹）,150224510,K9121
新生児仮死蘇生術（仮死第１度）,150224610,K9131
新生児仮死蘇生術（仮死第２度）,150224710,K9132
自家採血輸血（１回目）,150224810,K9201
保存血液輸血（１回目）,150224910,K9202
交換輸血,150225010,K9206
自家製造した血液成分製剤を用いた注射の手技料（１回目）,150225850,K9201
造血幹細胞移植（骨髄移植）（同種移植）,150225910,K9221
気管支肺胞洗浄術,150234450,K509-2
子宮内反症整復手術（腟式）（非観血的）,150242350,K9051
尿道狭窄拡張術（尿道バルーンカテーテル）,150242450,K821-2
経皮的僧帽弁拡張術,150242550,K559-2
難治性骨折電磁波電気治療法,150242910,K047
鋼線等による直達牽引,150243010,K083
体外式脊椎固定術,150243210,K144
脳動脈瘤被包術（１箇所）,150243410,K1751
脳動脈瘤被包術（２箇所以上）,150243510,K1752
脳動脈瘤流入血管クリッピング（開頭）（１箇所）,150243610,K1761
脳動脈瘤流入血管クリッピング（開頭）（２箇所以上）,150243710,K1762
脳動脈瘤頸部クリッピング（１箇所）,150243810,K1771
脳動脈瘤頸部クリッピング（２箇所以上）,150243910,K1772
脊髄ドレナージ術,150244010,K189
網膜光凝固術（通常）,150244110,K2761
網膜光凝固術（その他特殊）,150244210,K2762
大動脈瘤切除術（上行）（弁置換術又は形成術）,150244910,K5601
大動脈瘤切除術（上行）（その他）,150245010,K5601
大動脈瘤切除術（腹部大動脈（分枝血管の再建））,150245110,K5606
大動脈瘤切除術（腹部大動脈（その他））,150245210,K5607
骨盤内臓全摘術,150245310,K645
直腸切除・切断術（低位前方切除術）,150245410,K7402
副腎腫瘍摘出術（皮質腫瘍）,150245510,K7551
副腎腫瘍摘出術（髄質腫瘍（褐色細胞腫））,150245610,K7552
膀胱腫瘍摘出術,150245810,K802
膀胱悪性腫瘍手術（全摘（尿管Ｓ状結腸吻合利用で尿路変更を行う））,150245910,K8033
膀胱悪性腫瘍手術（全摘（回腸又は結腸導管利用で尿路変更を行う））,150246010,K8034
膀胱悪性腫瘍手術（全摘（代用膀胱利用で尿路変更を行う））,150246110,K8035
膀胱悪性腫瘍手術（経尿道的手術）（その他）,150246210,K8036
尿道悪性腫瘍摘出術（摘出）,150246310,K8171
尿道悪性腫瘍摘出術（内視鏡）,150246410,K8172
尿道悪性腫瘍摘出術（尿路変更を行う場合）,150246510,K8173
尿道形成手術（前部尿道）,150246810,K8181
尿道形成手術（後部尿道）,150246910,K8182
自己血輸血（６歳以上）（液状保存）,150247010,K9204
造血幹細胞採取（骨髄採取）（同種移植）,150247210,K9211
慢性硬膜下血腫洗浄・除去術（穿頭）,150248250,K164-2
汎光凝固術,150248350,K2762
口蓋扁桃切除術（翌日以降）後出血止血術,150248450,K3771
口蓋扁桃摘出術（翌日以降）後出血止血術,150248550,K3772
尿管剥離術,150248950,K784-2
内反足足板挺子固定,150249050,K083-2
坐骨ヘルニア手術,150251110,K6338
会陰ヘルニア手術,150251210,K6338
神経血管柄付植皮術（足）,150251810,K109
腋臭症手術（その他）,150252110,K0083
増殖性硝子体網膜症手術,150252810,K281
水晶体再建術（眼内レンズを挿入）（その他）,150253010,K2821
小耳症手術（軟骨移植による耳介形成手術）,150253110,K2991
小耳症手術（耳介挙上）,150253210,K2992
舌形成手術（巨舌症手術）,150253310,K418
先天性気管狭窄症手術,150253410,K519
食道腫瘍摘出術（内視鏡）,150253510,K5261
食道腫瘍摘出術（開胸又は開腹手術）,150253610,K5262
不整脈手術（副伝導路切断術）,150253810,K5941
不整脈手術（心室頻拍症手術）,150253910,K5942
腹腔鏡下胆嚢摘出術,150254110,K672-2
内視鏡的胆道ステント留置術,150254410,K688
精索捻転手術（その他）,150254510,K8382
自己血輸血（６歳以上）（凍結保存）,150254810,K9204
脳血管内手術（１箇所）,150254910,K1781
内耳窓閉鎖術,150255010,K327
脳刺激装置植込術（片側）,150255110,K1811
体外衝撃波胆石破砕術,150255310,K678
人工関節再置換術（肩）,150255910,K082-31
人工関節再置換術（股）,150256010,K082-31
人工関節再置換術（膝）,150256110,K082-31
人工関節再置換術（胸鎖）,150256210,K082-32
人工関節再置換術（肘）,150256310,K082-32
人工関節再置換術（手）,150256410,K082-32
人工関節再置換術（足）,150256510,K082-32
人工関節再置換術（肩鎖）,150256610,K082-33
人工関節再置換術（指）,150256710,K082-33
レックリングハウゼン病偽神経腫切除術（露出部）１,150256850,K193-21
レックリングハウゼン病偽神経腫切除術（露出部）２,150256950,K193-22
レックリングハウゼン病偽神経腫切除術（露出部以外）１,150257050,K193-31
レックリングハウゼン病偽神経腫切除術（露出部以外）２,150257150,K193-32
上咽頭ポリープ摘出術（経鼻腔）,150257250,K371-22
上咽頭ポリープ摘出術（経副鼻腔）,150257350,K371-23
上咽頭ポリープ摘出術（外切開）,150257450,K371-24
経皮的大動脈弁拡張術,150260050,K556-2
経皮的肺動脈弁拡張術,150260150,K570-2
尿道ステント前立腺部尿道拡張術,150260250,K821-3
経皮的冠動脈粥腫切除術,150260350,K547
腹腔・静脈シャントバルブ設置術,150260450,K635-2
胸腔・腹腔シャントバルブ設置術,150260550,K501-2
皮膚皮下粘膜下血管腫摘出術（露出部以外、長径３ｃｍ未満）,150260710,K0041
皮膚皮下粘膜下血管腫摘出術（露出部以外、長径３ｃｍ～６ｃｍ未満）,150260810,K0042
皮膚悪性腫瘍切除術（単純切除）,150260910,K0072
骨折経皮的鋼線刺入固定術（指）,150261010,K0453
骨折観血的手術（指）,150261110,K0463
骨内異物（挿入物を含む）除去術（指）,150261210,K0484
骨部分切除術（指）,150261310,K0493
骨腫瘍切除術（指）,150261410,K0523
骨切り術（指）,150261510,K0543
偽関節手術（指）,150261710,K0563
変形治癒骨折矯正手術（指）,150261810,K0573
半月板縫合術,150261910,K069
顎関節授動術（徒手的授動術）（パンピングを併用）,150262210,K4461
顎関節授動術（顎関節鏡下授動術）,150262310,K4462
顎関節授動術（開放授動術）,150262410,K4463
顎関節円板整位術（顎関節鏡下）,150262510,K4471
頸部郭清術（両）,150262610,K4692
乳腺悪性腫瘍手術（乳房部分切除術（腋窩部郭清を伴う））,150262710,K4764
経皮的カテーテル心筋焼灼術（その他）,150262810,K5952
経皮的心肺補助法（初日）,150262910,K6021
下肢静脈瘤手術（硬化療法）,150263410,K6172
下大静脈フィルター留置術,150263510,K620
腹腔鏡下鼠径ヘルニア手術（両側）,150263610,K634
経皮経肝胆管ステント挿入術,150263810,K689
小腸結腸内視鏡的止血術,150263950,K722
肛門悪性腫瘍手術（直腸切断を伴うもの）,150264010,K7482
経皮的腎嚢胞穿刺術,150264110,K771
経尿道的腎盂尿管腫瘍摘出術,150264210,K785
回腸（結腸）導管造設術,150264310,K812
精巣悪性腫瘍手術,150264410,K833
腹腔鏡下子宮内膜症病巣除去術,150264510,K863
子宮附属器癒着剥離術（両側）（腹腔鏡）,150264610,K8862
卵巣部分切除術（腹腔鏡）,150264710,K8872
大動脈瘤切除術（胸腹部大動脈）,150264810,K5605
異所性妊娠手術（腹腔鏡）,150264910,K9122
補助人工心臓（初日）,150266110,K6031
補助人工心臓（２日目以降３０日目まで）,150266210,K6032
造血幹細胞移植（末梢血幹細胞移植）（自家移植）,150266310,K9222
造血幹細胞移植（骨髄移植）（自家移植）,150266410,K9221
人工内耳植込術,150266510,K328
胸腔鏡下肺切除術（肺嚢胞手術（楔状部分切除））,150266610,K5131
体外ペースメーキング術,150267310,K596
顎関節円板整位術（開放）,150267410,K4472
胸壁外皮膚管形成吻合術（バイパスのみ作成）,150267550,K525-24
卵管結紮術（両側）（腹腔鏡）,150267650,K887-22
卵管口切開術（腹腔鏡）,150267750,K887-32
卵管全摘除術（両側）（腹腔鏡）,150268050,K888-22
卵管腫瘤全摘除術（両側）（腹腔鏡）,150268150,K888-22
子宮卵管留血腫手術（両側）（腹腔鏡）,150268250,K888-22
下顎骨形成術（おとがい形成）,150268410,K4441
下顎骨形成術（短縮）,150268510,K4442
下顎骨形成術（伸長）,150268610,K4442
下顎骨形成術（再建）,150268710,K4443
子宮附属器腫瘍摘出術（両側）（腹腔鏡）,150270010,K8882
内視鏡的食道・胃静脈瘤結紮術,150270150,K533-2
胸腔鏡下良性縦隔腫瘍手術,150270750,K513-2
胸腔鏡下良性胸壁腫瘍手術,150270850,K513-3
胸壁外皮膚管形成吻合術（胸部、腹部操作）,150270950,K525-22
胸壁外皮膚管形成吻合術（腹部操作）,150271050,K525-23
腹腔鏡下腸管癒着剥離術,150271550,K714-2
腹腔鏡下胃、十二指腸潰瘍穿孔縫合術,150271650,K647-2
腹腔鏡下脾摘出術,150271850,K711-2
腹腔鏡下小腸切除術（悪性腫瘍手術以外の切除術）,150271950,K716-21
腹腔鏡下虫垂切除術（虫垂周囲膿瘍を伴うもの）,150272050,K718-22
腹腔鏡下腟式子宮全摘術,150272250,K877-2
皮膚、皮下腫瘍摘出術（露出部）（長径４ｃｍ以上）,150272410,K0053
皮膚、皮下腫瘍摘出術（露出部以外）（長径６ｃｍ以上１２ｃｍ未満）,150272510,K0063
皮膚剥削術（１００ｃｍ２以上２００ｃｍ２未満）,150272610,K0093
筋膜移植術（その他）,150272910,K0332
腱移植術（人工腱形成術を含む）（指）,150273010,K0391
腱移行術（指）,150273110,K0401
椎間板摘出術（経皮的髄核摘出術）,150273310,K1344
慢性硬膜下血腫穿孔洗浄術,150273410,K164-2
経皮的脳血管形成術,150273510,K178-2
神経縫合術（指）,150273610,K1821
神経腫切除術（指）,150273710,K1931
胸腔鏡下交感神経節切除術（両側）,150273810,K196-2
斜視手術（直筋の前後転法と斜筋手術）,150273910,K2425
硝子体茎顕微鏡下離断術（網膜付着組織を含む）,150274010,K2801
耳介形成手術（耳介軟骨形成を要する）,150274110,K2961
鼻骨変形治癒骨折矯正術,150274210,K334-2
頬骨変形治癒骨折矯正術,150274310,K427-2
下顎骨折観血的手術（両側）,150274410,K4292
唾石摘出術（腺体内に存在）,150274510,K4503
乳管腺葉区域切除術,150274610,K474-2
食道腫瘍摘出術（腹腔鏡下）,150274710,K5263
内視鏡的食道粘膜切除術（早期悪性腫瘍粘膜切除術）,150274810,K526-21
腹腔鏡下食道裂孔ヘルニア手術,150275110,K537-2
植込型除細動器交換術,150275310,K599-2
不整脈手術（メイズ手術）,150275610,K5943
経皮的心肺補助法（２日目以降）,150275710,K6022
大動脈瘤切除術（上行・弓部同時）（その他）,150275910,K5603
動脈形成術、吻合術（指の動脈）,150276010,K6104
経尿道的前立腺高温度治療,150276210,K841-3
内視鏡的胃、十二指腸ポリープ・粘膜切除術（早期悪性腫瘍ポリープ）,150276310,K6533
内視鏡的胃、十二指腸ポリープ・粘膜切除術（早期悪性腫瘍粘膜）,150276410,K6531
経尿道的レーザー前立腺切除術（その他）,150276510,K841-22
腹腔鏡下食道下部迷走神経選択的切除術,150276610,K660-2
腹腔鏡下噴門形成術,150276710,K667-2
腹腔鏡下胆管切開結石摘出術（胆嚢摘出を含む）,150276810,K671-21
腹腔鏡下胆管切開結石摘出術（胆嚢摘出を含まない）,150276910,K671-22
急性膵炎手術（その他）,150277310,K6982
膵体尾部腫瘍切除術（周辺臓器の合併切除を伴う腫瘍切除術）,150277410,K7023
膵体尾部腫瘍切除術（血行再建を伴う腫瘍切除術）,150277510,K7024
腹腔鏡下肝嚢胞切開術,150277710,K692-2
腹腔鏡下結腸切除術（小範囲切除、結腸半側切除）,150277810,K719-21
仙尾部奇形腫手術,150277910,K751-2
尿失禁コラーゲン注入手術,150278110,K823-2
腹腔鏡下内精巣静脈結紮術,150278310,K834-2
造腟術（筋皮弁移植）,150278410,K8595
子宮筋腫摘出（核出）術（腟式）,150278510,K8722
子宮鏡下子宮筋腫摘出術,150278610,K873
腹腔鏡下副腎摘出術,150279210,K754-2
弁形成術（２弁）,150279510,K5542
弁形成術（３弁）,150279610,K5543
アキレス腱断裂手術,150280050,K037-2
レックリングハウゼン病偽神経腫切除術（露出部）３,150280350,K193-23
レックリングハウゼン病偽神経腫切除術（露出部以外）３,150280450,K193-33
後発白内障手術,150280650,K282-2
腟閉鎖症術（筋皮弁移植）,150280950,K8595
痕跡副角子宮手術（腟式）,150281150,K872-42
気管・気管支ステント留置術（硬性鏡）,150281250,K508-21
食道ステント留置術,150281350,K522-2
光線力学療法（早期肺がん（０期又は１期に限る））,150281450,K510-21
内視鏡的表在性食道悪性腫瘍光線力学療法,150281550,K526-3
内視鏡的表在性胃悪性腫瘍光線力学療法,150281650,K653-4
子宮頸部初期癌に対する光線力学療法,150281750,K872-5
子宮頸部摘出術（腟部切断術を含む）,150281950,K867-3
卵管鏡下卵管形成術,150282050,K890-2
脊椎固定術、椎弓切除術、椎弓形成術（前方椎体固定）,150282510,K1421
脊椎固定術、椎弓切除術、椎弓形成術（後方又は後側方固定）,150282610,K1422
脊椎側彎症手術（固定術）,150282750,K142-21
皮膚腫瘍冷凍凝固摘出術（長径６ｃｍ以上の良性皮膚腫瘍）,150282850,K006-44
皮膚腫瘍冷凍凝固摘出術（長径６ｃｍ以上の悪性皮膚腫瘍）,150282950,K006-44
皮膚皮下粘膜下血管腫摘出術（露出部、長径６ｃｍ以上）,150283610,K0033
皮膚皮下粘膜下血管腫摘出術（露出部以外、長径６ｃｍ以上）,150283710,K0043
皮膚剥削術（２００ｃｍ２以上）,150283810,K0094
創傷処理（筋肉、臓器に達しない）（長径１０ｃｍ以上）,150284010,K0006
難治性骨折超音波治療法,150284110,K047-2
涙点プラグ挿入術、涙点閉鎖術,150284210,K200-2
経皮的冠動脈形成術（高速回転式経皮経管アテレクトミーカテーテル）,150284310,K5481
移植用部分肝採取術（生体）,150284410,K697-4
頭蓋内腫瘍摘出術（その他）,150284510,K1692
生体部分肝移植術,150284810,K697-5
内視鏡的大腸ポリープ・粘膜切除術（長径２ｃｍ未満）,150285010,K7211
尿失禁手術（その他）,150285610,K8232
造腟術（腟断端挙上）,150285910,K8593
腟閉鎖症術（腟断端挙上）,150286050,K8593
自家採血輸血（２回目以降）,150286210,K9201
保存血液輸血（２回目以降）,150286310,K9202
自己血輸血（６歳未満）（液状保存）,150286410,K9204
自己血輸血（６歳未満）（凍結保存）,150286510,K9204
自家製造した血液成分製剤を用いた注射の手技料（２回目以降）,150287450,K9201
肺縫縮術（肺気腫に対する正中切開）（楔状部分切除）,150287750,K517
食道腫瘍摘出術（縦隔鏡下）,150288310,K5263
腱鞘切開術（関節鏡下によるものを含む）,150288510,K028
腱切離・切除術（関節鏡下）,150288610,K034
腱剥離術（関節鏡下によるものを含む）,150288710,K035
腱縫合術,150288910,K037
腱延長術,150289010,K038
骨折経皮的鋼線刺入固定術（その他）,150289110,K0453
骨折観血的手術（その他）,150289210,K0463
骨内異物（挿入物を含む）除去術（その他）,150289310,K0484
骨部分切除術（その他）,150289410,K0493
骨腫瘍切除術（その他）,150289510,K0523
骨切り術（その他）,150289710,K0543
偽関節手術（その他）,150289810,K0563
変形治癒骨折矯正手術（その他）,150289910,K0573
靱帯断裂縫合術（その他の靱帯）,150290010,K0743
靱帯断裂形成手術（その他の靱帯）,150290210,K0793
粘膜弁手術（４ｃｍ２未満）,150290310,K021-21
粘膜弁手術（４ｃｍ２以上）,150290410,K021-22
関節鏡下三角線維軟骨複合体切除・縫合術,150290510,K069-2
デュプイトレン拘縮手術（１指）,150290710,K099-21
デュプイトレン拘縮手術（２指から３指）,150290810,K099-22
デュプイトレン拘縮手術（４指以上）,150290910,K099-23
広範囲頭蓋底腫瘍切除・再建術,150291010,K151-2
顕微鏡使用によるてんかん手術（焦点切除術）,150291110,K154-2
顕微鏡使用によるてんかん手術（側頭葉切除術）,150291210,K154-2
顕微鏡使用によるてんかん手術（脳梁離断術）,150291310,K154-2
脳刺激装置交換術,150291410,K181-2
眼瞼結膜腫瘍手術,150291610,K215-2
結膜腫瘍摘出術,150291710,K225-2
黄斑下手術,150291810,K277-2
変形外鼻手術,150292010,K347-2
経上顎洞的顎動脈結紮術,150292110,K362-2
陥没乳頭形成術,150292210,K476-2
再建乳房乳頭形成術,150292310,K476-2
胸腔鏡下醸膿胸膜又は胸膜胼胝切除術,150292410,K496-2
縦隔切開術（頸部から）,150292510,K502-21
縦隔切開術（経胸腔）,150292710,K502-22
ロス手術（自己肺動脈弁組織による大動脈基部置換術）,150292910,K558
左心低形成症候群手術（ノルウッド手術）,150293010,K587
リンパ節膿瘍切開術,150293110,K626-2
小腸・結腸狭窄部拡張術（内視鏡）,150293310,K735-2
陰茎持続勃起症手術（亀頭－陰茎海綿体瘻作成術（ウィンター法））,150293410,K828-21
陰茎持続勃起症手術（その他のシャント術）,150293510,K828-22
陰茎折症手術,150293610,K826-2
精巣外傷手術（陰嚢内血腫除去術）,150293710,K830-21
精巣外傷手術（精巣白膜縫合術）,150293810,K830-22
子宮鏡下子宮中隔切除術,150293910,K863-2
子宮内腔癒着切除術（癒着剥離術を含む）,150294010,K863-2
腹腔鏡下子宮筋腫摘出（核出）術,150294110,K872-2
子宮鏡下有茎粘膜下筋腫切出術,150294210,K872-3
子宮内膜ポリープ切除術,150294310,K872-3
縦隔切開術（経食道）,150294410,K502-21
縦隔切開術（経腹）,150294710,K502-22
骨折観血的手術（手舟状骨）,150294810,K0462
骨長調整手術（骨延長術）（指）,150294910,K0583
骨移植術（軟骨移植術を含む、自家骨移植）,150295010,K0591
涙小管形成術,150295310,K199
眼窩骨折整復術,150295410,K228
角膜・強膜縫合術,150295510,K246
角膜切開術,150295710,K250
脈絡膜腫瘍切除術,150295810,K266
頬小帯形成手術,150296010,K419
頬腫瘍摘出術（粘液嚢胞摘出術）,150296110,K4231
胸骨骨折観血手術,150296210,K483
腹腔鏡下食道アカラシア形成手術,150296310,K530-2
下肢静脈瘤手術（高位結紮術）,150296510,K6173
胆管切開結石摘出術（胆嚢摘出を含む）,150296610,K6711
内視鏡的乳頭切開術（胆道砕石術を伴う）,150296710,K6872
膵破裂縫合術,150296810,K701
膵頭部腫瘍切除術（リンパ節・神経叢郭清等を伴う腫瘍切除術）,150296910,K7032
膵頭部腫瘍切除術（十二指腸温存膵頭切除術）,150297010,K7032
膵頭部腫瘍切除術（周辺臓器の合併切除を伴う腫瘍切除術）,150297110,K7033
膵頭部腫瘍切除術（血行再建を伴う腫瘍切除術）,150297210,K7034
小腸切除術（悪性腫瘍手術）,150297310,K7162
結腸憩室摘出術,150297410,K720
直腸切除・切断術（超低位前方切除術）（経肛門的結腸嚢肛門吻合）,150297510,K7403
陰嚢水腫手術（交通性陰嚢水腫手術）,150297610,K8351
精索捻転手術（対側の精巣固定術を伴う）,150297710,K8381
造血幹細胞移植（末梢血幹細胞移植）（同種移植）,150297810,K9222
頭蓋内電極抜去術,150298050,K181-3
胸腔鏡下肺縫縮術,150298750,K513-4
脳新生血管造成術,150299250,K610-2
腸閉塞症手術（小腸切除術）（悪性腫瘍手術）,150299350,K7162
喉頭ポリープ切除術（ファイバースコープ）,150299450,K3892
末梢神経遮断術（深腓骨神経）,150299650,K196-5
末梢神経遮断術（腓腹神経）,150299750,K196-5
腹腔鏡下多嚢胞性卵巣焼灼術,150299850,K887-4
腱滑膜切除術,150300110,K035-2
人工関節抜去術（肩）,150300210,K082-21
人工関節抜去術（股）,150300310,K082-21
人工関節抜去術（膝）,150300410,K082-21
人工関節抜去術（胸鎖）,150300510,K082-22
人工関節抜去術（肘）,150300610,K082-22
人工関節抜去術（手）,150300710,K082-22
人工関節抜去術（足）,150300810,K082-22
人工関節抜去術（肩鎖）,150300910,K082-23
人工関節抜去術（指）,150301010,K082-23
経皮的選択的脳血栓・塞栓溶解術（頭蓋内脳血管）,150301110,K178-31
経皮的選択的脳血栓・塞栓溶解術（頸部脳血管）（内頸、椎骨動脈）,150301210,K178-32
ステントグラフト内挿術（胸部大動脈）,150301310,K5612
ステントグラフト内挿術（腹部大動脈）,150301410,K5612
ステントグラフト内挿術（腸骨動脈）,150301510,K5612
水頭症手術（脳室穿破術）（神経内視鏡手術による）,150301610,K1741
水頭症手術（シャント手術）,150301710,K1742
補助人工心臓（３１日目以降）,150301810,K6033
乳腺悪性腫瘍手術（乳房部分切除術（腋窩部郭清を伴わない））,150303110,K4762
両心室ペースメーカー移植術,150303210,K598
経皮的中隔心筋焼灼術,150303310,K595-2
経尿道的尿管ステント留置術,150303910,K783-2
経尿道的尿管ステント抜去術,150304010,K783-3
骨移植術（移植用骨採取のみ、自家骨移植、棘突起）,150305950,K1261
骨移植術（移植用骨採取のみ、自家骨移植、腸骨翼）,150306050,K1261
骨移植術（移植用骨採取のみ、自家骨移植、その他）,150306150,K1262
上腕動脈表在化法,150306550,K607-3
先天性胆管拡張症に対する手術（胃切除、総胆管切除等併施）,150306650,K674
子宮内容除去術（不全流産）,150306750,K909-2
小児創傷処理（筋肉、臓器に達する、長径２．５ｃｍ未満）,150306910,K000-21
小児創傷処理（筋肉、臓器に達する、長径２．５ｃｍ～５ｃｍ未満）,150307010,K000-22
小児創傷処理（筋肉、臓器に達する、長径５ｃｍ～１０ｃｍ未満）,150307110,K000-23
小児創傷処理（筋肉、臓器に達する、長径１０ｃｍ以上）,150307210,K000-24
小児創傷処理（筋肉、臓器に達しない、長径２．５ｃｍ未満）,150307310,K000-25
小児創傷処理（筋肉、臓器に達しない、長径２．５ｃｍ～５ｃｍ未満）,150307410,K000-26
小児創傷処理（筋肉、臓器に達しない、長径５ｃｍ～１０ｃｍ未満）,150307510,K000-27
小児創傷処理（筋肉、臓器に達しない、長径１０ｃｍ以上）,150307610,K000-28
鶏眼・胼胝切除術（露出部で縫合）（長径２ｃｍ未満）,150307710,K006-21
鶏眼・胼胝切除術（露出部で縫合）（長径２ｃｍ以上４ｃｍ未満）,150307810,K006-22
鶏眼・胼胝切除術（露出部で縫合）（長径４ｃｍ以上）,150307910,K006-23
鶏眼・胼胝切除術（露出部以外で縫合）（長径３ｃｍ未満）,150308010,K006-31
鶏眼・胼胝切除術（露出部以外で縫合）（長径３ｃｍ以上６ｃｍ未満）,150308110,K006-32
鶏眼・胼胝切除術（露出部以外で縫合）（長径６ｃｍ以上）,150308210,K006-33
腋臭症手術（皮膚有毛部切除術）,150308310,K0082
粘膜移植術（４ｃｍ２以上）,150308410,K0212
股関節周囲筋腱解離術（変形性股関節症）,150308510,K026-2
四肢・躯幹軟部腫瘍摘出術（躯幹）,150308610,K0301
四肢・躯幹軟部悪性腫瘍手術（躯幹）,150308710,K0311
大腿骨頭回転骨切り術,150308810,K055-2
大腿骨近位部（転子間を含む）骨切り術,150308910,K055-3
偽関節手術（手舟状骨）,150309010,K0562
化膿性又は結核性関節炎掻爬術（胸鎖）,150309110,K060-32
化膿性又は結核性関節炎掻爬術（肩鎖）,150309210,K060-33
関節鏡下関節内異物（挿入物を含む）除去術（肩）,150309310,K065-21
関節鏡下関節内異物（挿入物を含む）除去術（股）,150309410,K065-21
関節鏡下関節内異物（挿入物を含む）除去術（膝）,150309510,K065-21
関節鏡下関節内異物（挿入物を含む）除去術（胸鎖）,150309610,K065-22
関節鏡下関節内異物（挿入物を含む）除去術（肘）,150309710,K065-22
関節鏡下関節内異物（挿入物を含む）除去術（手）,150309810,K065-22
関節鏡下関節内異物（挿入物を含む）除去術（足）,150309910,K065-22
関節鏡下関節内異物（挿入物を含む）除去術（肩鎖）,150310010,K065-23
関節鏡下関節内異物（挿入物を含む）除去術（指）,150310110,K065-23
関節鏡下関節滑膜切除術（肩）,150310210,K066-21
関節鏡下関節滑膜切除術（股）,150310310,K066-21
関節鏡下関節滑膜切除術（膝）,150310410,K066-21
関節鏡下関節滑膜切除術（胸鎖）,150310510,K066-22
関節鏡下関節滑膜切除術（肘）,150310610,K066-22
関節鏡下関節滑膜切除術（手）,150310710,K066-22
関節鏡下関節滑膜切除術（足）,150310810,K066-22
関節鏡下関節滑膜切除術（肩鎖）,150310910,K066-23
関節鏡下関節滑膜切除術（指）,150311010,K066-23
関節鏡下滑液膜摘出術（肩）,150311110,K066-41
関節鏡下滑液膜摘出術（股）,150311210,K066-41
関節鏡下滑液膜摘出術（膝）,150311310,K066-41
関節鏡下滑液膜摘出術（胸鎖）,150311410,K066-42
関節鏡下滑液膜摘出術（肘）,150311510,K066-42
関節鏡下滑液膜摘出術（手）,150311610,K066-42
関節鏡下滑液膜摘出術（足）,150311710,K066-42
関節鏡下滑液膜摘出術（肩鎖）,150311810,K066-43
関節鏡下滑液膜摘出術（指）,150311910,K066-43
関節鏡下膝蓋骨滑液嚢切除術,150312010,K066-6
関節鏡下掌指関節滑膜切除術,150312110,K066-8
関節鏡下関節鼠摘出手術（肩）,150312210,K067-21
関節鏡下関節鼠摘出手術（股）,150312310,K067-21
関節鏡下関節鼠摘出手術（膝）,150312410,K067-21
関節鏡下関節鼠摘出手術（胸鎖）,150312510,K067-22
関節鏡下関節鼠摘出手術（肘）,150312610,K067-22
関節鏡下関節鼠摘出手術（手）,150312710,K067-22
関節鏡下関節鼠摘出手術（足）,150312810,K067-22
関節鏡下関節鼠摘出手術（肩鎖）,150312910,K067-23
関節鏡下関節鼠摘出手術（指）,150313010,K067-23
関節鏡下半月板切除術,150313110,K068-2
関節鏡下半月板縫合術,150313210,K069-3
関節鏡下靱帯断裂縫合術（十字靱帯）,150313310,K074-21
関節鏡下靱帯断裂縫合術（膝側副靱帯）,150313410,K074-22
関節鏡下靱帯断裂縫合術（指）,150313510,K074-23
関節鏡下靱帯断裂縫合術（その他の靱帯）,150313610,K074-23
関節鏡下靱帯断裂形成手術（十字靱帯）,150313710,K079-21
関節鏡下靱帯断裂形成手術（膝側副靱帯）,150313810,K079-22
関節鏡下靱帯断裂形成手術（指）,150313910,K079-23
関節鏡下靱帯断裂形成手術（その他の靱帯）,150314010,K079-23
関節鏡下手根管開放手術,150314110,K093-2
内視鏡下椎弓切除術,150314210,K131-2
内視鏡下椎間板摘出（切除）術（前方摘出術）,150314310,K134-21
内視鏡下椎間板摘出（切除）術（後方摘出術）,150314410,K134-22
寛骨臼移動術,150314510,K141-2
脊椎固定術、椎弓切除術、椎弓形成術（後方椎体固定）,150314610,K1423
脊椎固定術、椎弓切除術、椎弓形成術（前方後方同時固定）,150314710,K1424
内視鏡下脊椎固定術（胸椎又は腰椎前方固定）,150314810,K142-3
機能的定位脳手術（両側）,150314910,K1542
脳刺激装置植込術（両側）,150315010,K1812
神経交差縫合術（指）,150315110,K182-21
神経交差縫合術（その他）,150315210,K182-22
重症痙性麻痺治療薬髄腔内持続注入用植込型ポンプ設置術,150315310,K190-3
重症痙性麻痺治療薬髄腔内持続注入用植込型ポンプ交換術,150315410,K190-4
重症痙性麻痺治療薬髄腔内持続注入用植込型ポンプ薬剤再充填,150315510,K190-5
水晶体再建術（眼内レンズを挿入しない）,150315610,K2822
喉頭粘膜下軟骨片挿入術,150315710,K388-2
声帯ポリープ切除術（間接喉頭鏡）,150315810,K3891
声帯ポリープ切除術（ファイバースコープ）,150315910,K3892
声帯ポリープ切除術（直達喉頭鏡）,150316010,K3892
口蓋腫瘍摘出術（口蓋粘膜に限局する）,150316110,K4061
口唇裂形成手術（両側）（口唇のみ）,150316210,K426-21
口唇裂形成手術（両側）（口唇裂鼻形成を伴う）,150316310,K426-22
口唇裂形成手術（両側）（鼻腔底形成を伴う）,150316410,K426-23
乳腺悪性腫瘍手術（乳房切除術（腋窩部郭清を伴わない））,150316510,K4763
動脈（皮）・筋（皮）弁を用いた乳房再建術（乳房切除後）（一次的）,150316610,K476-31
動脈（皮）・筋（皮）弁を用いた乳房再建術（乳房切除後）（二次的）,150316710,K476-32
胸膜外肺剥皮術（１肺葉に相当する範囲以内）,150316810,K496-31
胸膜外肺剥皮術（１肺葉に相当する範囲を超える）,150316910,K496-32
胸腔鏡下膿胸腔掻爬術,150317010,K496-4
肺切除術（気管支形成を伴う肺切除）,150317110,K5116
移植用肺採取術（死体）（両側）,150317410,K514-3
同種死体肺移植術,150317510,K514-4
食道腫瘍摘出術（胸腔鏡下）,150317710,K5263
心腫瘍摘出術（冠動脈血行再建術（１吻合）を伴う）,150317810,K5442
心腫瘍摘出術（冠動脈血行再建術（２吻合以上））,150317910,K5443
心腔内粘液腫摘出術（単独）,150318010,K5441
心腔内粘液腫摘出術（冠動脈血行再建術（１吻合）を伴う）,150318110,K5442
心腔内粘液腫摘出術（冠動脈血行再建術（２吻合以上））,150318210,K5443
経皮的冠動脈血栓吸引術,150318310,K550-2
冠動脈、大動脈バイパス移植術（人工心肺不使用）（１吻合）,150318410,K552-21
冠動脈、大動脈バイパス移植術（人工心肺不使用）（２吻合以上）,150318510,K552-22
心室瘤切除術（冠動脈血行再建術（２吻合以上）を伴う）,150318610,K5533
左室形成術（単独）,150318710,K553-21
左室形成術（冠動脈血行再建術（１吻合）を伴う）,150318810,K553-22
左室形成術（冠動脈血行再建術（２吻合以上）を伴う）,150318910,K553-23
心室中隔穿孔閉鎖術（単独）,150319010,K553-21
心室中隔穿孔閉鎖術（冠動脈血行再建術（１吻合）を伴う）,150319110,K553-22
心室中隔穿孔閉鎖術（冠動脈血行再建術（２吻合以上）を伴う）,150319210,K553-23
左室自由壁破裂修復術（単独）,150319310,K553-21
左室自由壁破裂修復術（冠動脈血行再建術（１吻合）を伴う）,150319410,K553-22
左室自由壁破裂修復術（冠動脈血行再建術（２吻合以上）を伴う）,150319510,K553-23
ＤＫＳ吻合を伴う大動脈狭窄症手術,150319610,K557-4
動脈管開存症手術（経皮的動脈管開存閉鎖術）,150319710,K5621
血管輪又は重複大動脈弓離断手術,150319810,K564
巨大側副血管手術（肺内肺動脈統合術）,150319910,K565
大動脈縮窄（離断）症手術（心室中隔欠損症手術を伴う）,150320010,K5672
大動脈縮窄（離断）症手術（複雑心奇形手術を伴う）,150320110,K5673
大動脈肺動脈中隔欠損症手術（心内奇形手術を伴う）,150320210,K5682
三尖弁手術（エプスタイン氏奇形、ウール氏病手術）,150320310,K569
純型肺動脈弁閉鎖症手術（肺動脈弁切開術（単独））,150320410,K5701
純型肺動脈弁閉鎖症手術（右室流出路形成又は肺動脈形成を伴う）,150320510,K5702
経皮的心房中隔欠損閉鎖術,150320610,K574-2
バルサルバ洞動脈瘤手術（大動脈閉鎖不全症手術を伴う）,150320710,K5772
完全型房室中隔欠損症手術（心房及び心室中隔欠損パッチ閉鎖術）,150320810,K579-21
完全型房室中隔欠損症手術（ファロー四徴症手術を伴う）,150320910,K579-22
肺動脈閉鎖症手術（単独）,150321010,K5811
肺動脈閉鎖症手術（ラステリ手術を伴う）,150321110,K5812
肺動脈閉鎖症手術（巨大側副血管術を伴う）,150321210,K5813
両大血管右室起始症手術（タウシッヒ・ビング奇形手術）,150321310,K5823
修正大血管転位症手術（心室中隔欠損パッチ閉鎖術）,150321410,K5841
修正大血管転位症手術（根治手術（ダブルスイッチ手術））,150321510,K5842
三尖弁閉鎖症手術（フォンタン手術）,150321610,K5862
三尖弁閉鎖症手術（心室中隔造成術）,150321710,K5863
単心室症手術（両方向性グレン手術）,150321810,K5861
単心室症手術（フォンタン手術）,150321910,K5862
心室憩室切除術,150322010,K590
心臓脱手術,150322110,K591
両心室ペースメーカー交換術,150322210,K598-2
移植用心採取術,150322310,K605
同種心移植術,150322410,K605-2
移植用心肺採取術,150322510,K605-3
同種心肺移植術,150322610,K605-4
動脈血栓内膜摘出術（内頸動脈）,150322710,K6092
リンパ節群郭清術（骨盤）,150322810,K6278
連続携行式腹膜灌流用カテーテル腹腔内留置術,150322910,K635-3
内視鏡的胃、十二指腸ポリープ・粘膜切除術（早期悪性腫瘍粘膜下層）,150323010,K6532
食道・胃内異物除去摘出術（マグネットカテーテルによるもの）,150323110,K653-2
胃局所切除術,150323210,K654-2
腹腔鏡下胃切除術（単純切除術）,150323410,K655-21
腹腔鏡下胃切除術（悪性腫瘍手術）,150323510,K655-22
腹腔鏡下胃全摘術（単純全摘術）,150323610,K657-21
腹腔鏡下胃全摘術（悪性腫瘍手術）,150323710,K657-22
腹腔鏡下幽門形成術,150323810,K666-2
胆嚢悪性腫瘍手術（肝切除（葉以上）を伴う）,150324010,K6753
胆嚢悪性腫瘍手術（膵頭十二指腸切除を伴う）,150324110,K6754
胆嚢悪性腫瘍手術（膵頭十二指腸切除及び肝切除（葉以上）を伴う）,150324210,K6755
移植用肝採取術（死体）,150324310,K697-6
同種死体肝移植術,150324410,K697-7
移植用膵採取術（死体）,150324510,K709-2
同種死体膵移植術,150324610,K709-3
移植用膵腎採取術（死体）,150324710,K709-4
同種死体膵腎移植術,150324810,K709-5
腹腔鏡下結腸悪性腫瘍切除術,150324910,K719-3
内視鏡的結腸異物摘出術,150325010,K721-3
腹腔鏡下先天性巨大結腸症手術,150325110,K735-3
腹腔鏡下直腸切除・切断術（切除術）,150325210,K740-21
痔核手術（脱肛を含む）（硬化療法（四段階注射法））,150325410,K7432
腹腔鏡下鎖肛手術（腹会陰式）,150325510,K751-3
腹腔鏡下鎖肛手術（腹仙骨式）,150325610,K751-3
腹腔鏡下腎部分切除術,150325710,K769-2
腹腔鏡下腎嚢胞切除縮小術,150325810,K770-2
腹腔鏡下腎摘出術,150325910,K772-2
腹腔鏡下腎（尿管）悪性腫瘍手術,150326010,K773-2
腹腔鏡下腎盂形成手術,150326110,K778-2
移植用腎採取術（死体）,150326210,K779-2
膀胱尿管逆流現象コラーゲン注入手術,150326310,K823-2
腹腔鏡下腹腔内停留精巣陰嚢内固定術,150326410,K836-2
腹腔鏡下前立腺悪性腫瘍手術,150326510,K843-2
外陰・腟血腫除去術,150326610,K851-2
腟壁裂創縫合術（直腸裂傷を伴う）,150326710,K8524
腟閉鎖術（中央腟閉鎖術（子宮全脱））,150326810,K8531
腟断端挙上術（腟式、腹式）,150326910,K860-2
子宮頸部上皮内癌レーザー照射治療,150327010,K867-4
子宮頸部異形成光線力学療法,150327110,K872-5
腹腔鏡下広靱帯内腫瘍摘出術,150327210,K878-2
子宮内反症整復手術（腹式）（非観血的）,150327310,K9051
脳死臓器提供管理料,150327410,K914
自己血貯血（６歳以上）（液状保存）,150327510,K9203
自己血貯血（６歳以上）（凍結保存）,150327610,K9203
自己血貯血（６歳未満）（液状保存）,150327710,K9203
自己血貯血（６歳未満）（凍結保存）,150327810,K9203
輸血管理料１,150327910,K920-21
輸血管理料２,150328010,K920-22
皮膚腫瘍冷凍凝固摘出術（長径３ｃｍ未満の良性皮膚腫瘍）,150333510,K006-41
皮膚腫瘍冷凍凝固摘出術（長径３ｃｍ以上６ｃｍ未満の良性皮膚腫瘍）,150333610,K006-43
全層植皮術（２５ｃｍ２未満）,150333710,K013-21
全層植皮術（２５ｃｍ２以上１００ｃｍ２未満）,150333810,K013-22
全層植皮術（１００ｃｍ２以上２００ｃｍ２未満）,150333910,K013-23
全層植皮術（２００ｃｍ２以上）,150334010,K013-24
超音波骨折治療法,150334110,K047-3
骨内異物（挿入物を含む）除去術（頭蓋（複数切開））,150334210,K0481
骨内異物（挿入物を含む）除去術（その他の顔面）,150334310,K0482
減圧開頭術（キアリ奇形、脊髄空洞症）,150335610,K1491
定位的脳内血腫除去術,150335710,K164-4
頭蓋骨形成手術（骨移動を伴う）,150335810,K1803
緑内障手術（濾過手術）,150335910,K2683
深頸部膿瘍切開術,150336010,K384-2
上顎骨形成術（骨移動を伴う）,150336110,K4433
下顎骨形成術（骨移動を伴う）,150336210,K4444
漏斗胸手術（胸腔鏡）,150336310,K4873
移植用部分肺採取術（生体）,150336510,K514-5
生体部分肺移植術,150336610,K514-6
内視鏡的食道粘膜切除術（早期悪性腫瘍粘膜下層剥離術）,150336810,K526-22
両室ペーシング機能付き植込型除細動器移植術,150336910,K599-3
両室ペーシング機能付き植込型除細動器交換術,150337010,K599-4
経皮的頸動脈ステント留置術,150337110,K609-2
噴門側胃切除術（単純切除術）,150337210,K655-41
噴門側胃切除術（悪性腫瘍切除術）,150337310,K655-42
経皮的肝膿瘍ドレナージ術,150337410,K691-2
虫垂切除術（虫垂周囲膿瘍を伴うもの）,150337510,K7182
腹腔鏡下虫垂切除術（虫垂周囲膿瘍を伴わないもの）,150337610,K718-21
腹腔鏡下結腸切除術（全切除、亜全切除）,150337710,K719-22
腹腔鏡下直腸切除・切断術（低位前方切除術）,150337810,K740-22
腹腔鏡下直腸切除・切断術（切断術）,150337910,K740-23
痔核手術（ＰＰＨ）,150338010,K7436
腹腔鏡下小切開副腎摘出術,150338110,K754-3
腹腔鏡下小切開腎部分切除術,150338210,K769-3
腹腔鏡下小切開腎摘出術,150338310,K772-3
腹腔鏡下小切開腎（尿管）悪性腫瘍手術,150338410,K773-3
腹腔鏡下移植用腎採取術（生体）,150338510,K779-3
生体腎移植術,150338610,K780-2
焦点式高エネルギー超音波療法,150338710,K841-4
腹腔鏡下小切開前立腺悪性腫瘍手術,150338810,K843-3
生体臓器提供管理料,150338910,K915
腱縫合術（切創等の創傷）（６歳未満）,150341150,K000-23
内視鏡的乳頭拡張術,150341450,K6871
骨移植術（移植用骨採取のみ、同種骨移植、生体、棘突起）,150341750,K1261
骨移植術（移植用骨採取のみ、同種骨移植、生体、腸骨翼）,150341850,K1261
骨移植術（移植用骨採取のみ、同種骨移植、生体、その他）,150341950,K1262
皮膚移植術（死体）（２００ｃｍ２未満）,150343110,K014-21
皮膚移植術（死体）（２００ｃｍ２以上５００ｃｍ２未満）,150343210,K014-22
皮膚移植術（死体）（５００ｃｍ２以上１０００ｃｍ２未満）,150343310,K014-23
皮膚移植術（死体）（１０００ｃｍ２以上３０００ｃｍ２未満）,150343410,K014-24
皮膚移植術（死体）（３０００ｃｍ２以上）,150343510,K014-25
指伸筋腱脱臼観血的整復術,150343610,K040-2
肩腱板断裂手術（簡単）,150343710,K080-31
関節鏡下肩腱板断裂手術（簡単）,150343810,K080-41
脊椎側彎症手術（矯正術）（初回挿入）,150343910,K142-22
脊椎側彎症手術（矯正術）（交換術）,150344010,K142-22
脊椎側彎症手術（矯正術）（伸展術）,150344110,K142-22
脊椎側彎症手術（矯正術）（交換術）（胸郭変形矯正用材料使用）,150344250,K142-22
脳血管内手術（２箇所以上）,150344410,K1782
治療的角膜切除術（エキシマレーザー）（角膜ジストロフィー等）,150344510,K2541
鼻甲介切除術（高周波電気凝固法）,150097550,K338-2
鼻甲介切除術（高周波電気凝固法）,150344610,K3381
副咽頭間隙腫瘍摘出術（経頸部）,150344710,K3791
副咽頭間隙腫瘍摘出術（経側頭下窩（下顎離断を含む））,150344810,K3792
副咽頭間隙悪性腫瘍摘出術（経頸部）,150344910,K379-21
副咽頭間隙悪性腫瘍摘出術（経側頭下窩（下顎離断を含む））,150345010,K379-22
嚥下機能手術（輪状咽頭筋切断術）,150345110,K403-21
嚥下機能手術（喉頭挙上術）,150345210,K403-22
嚥下機能手術（喉頭気管分離術）,150345310,K403-23
嚥下機能手術（喉頭全摘術）,150345410,K403-24
顎・口蓋裂形成手術（顎裂を伴う）（両側）,150345510,K4073
下顎関節突起骨折観血的手術（片側）,150345610,K429-21
下顎関節突起骨折観血的手術（両側）,150345710,K429-22
気管支内視鏡的放射線治療用マーカー留置術,150346010,K509-3
光線力学療法（その他）,150346110,K510-22
食道狭窄拡張術（拡張用バルーン）,150346210,K5223
食道空置バイパス作成術,150346310,K522-3
経皮的大動脈形成術,150346410,K567-2
経皮的肺動脈形成術,150346510,K570-3
肺動脈血栓内膜摘除術,150346610,K592-2
経皮的カテーテル心筋焼灼術（心房中隔穿刺、心外膜アプローチ）,150346710,K5951
植込型心電図記録計移植術,150346910,K597-3
植込型心電図記録計摘出術,150347010,K597-4
経皮的大動脈遮断術,150347210,K615-2
経皮的胸部血管拡張術（先天性心疾患術後）,150347310,K616-3
ダメージコントロール手術,150347410,K636-2
経皮的腹腔膿瘍ドレナージ術,150347510,K637-2
内視鏡的胃、十二指腸ステント留置術,150347610,K651
肝門部胆管悪性腫瘍手術（血行再建あり）,150347810,K677-21
肝門部胆管悪性腫瘍手術（血行再建なし）,150347910,K677-22
腹腔鏡下肝切除術（部分切除）,150348010,K695-21
腹腔鏡下肝切除術（外側区域切除）,150348110,K695-22
急性膵炎手術（感染性壊死部切除を伴う）,150348210,K6981
膵中央切除術,150348310,K700
膵体尾部腫瘍切除術（膵尾部切除術）（脾温存）,150348410,K7021
経肛門的内視鏡下手術（直腸腫瘍）,150348610,K739-2
経尿道的尿管瘤切除術,150348710,K794-2
膀胱水圧拡張術,150348810,K800-3
膀胱脱手術（メッシュ使用）,150348910,K802-21
排泄腔外反症手術（外反膀胱閉鎖術）,150349010,K812-21
排泄腔外反症手術（膀胱腸裂閉鎖術）,150349110,K812-22
性腺摘出術（開腹）,150349310,K913-21
性腺摘出術（腹腔鏡）,150349410,K913-22
造血幹細胞採取（骨髄採取）（自家移植）,150349510,K9211
造血幹細胞採取（末梢血幹細胞採取）（同種移植）,150349610,K9212
造血幹細胞採取（末梢血幹細胞採取）（自家移植）,150349710,K9212
造血幹細胞移植（臍帯血移植）,150349810,K9223
植込み型病変識別マーカー留置術,150350450,K509-3
体外衝撃波疼痛治療術,150350550,K096-2
経皮的放射線治療用金属マーカー留置術,150351910,K007-2
観血的整復固定術（インプラント周囲骨折）（肩甲骨）,150352010,K046-21
観血的整復固定術（インプラント周囲骨折）（上腕）,150352110,K046-21
観血的整復固定術（インプラント周囲骨折）（大腿）,150352210,K046-21
観血的整復固定術（インプラント周囲骨折）（前腕）,150352310,K046-22
観血的整復固定術（インプラント周囲骨折）（下腿）,150352410,K046-22
観血的整復固定術（インプラント周囲骨折）（手）,150352510,K046-23
観血的整復固定術（インプラント周囲骨折）（足）,150352610,K046-23
観血的整復固定術（インプラント周囲骨折）（指）,150352710,K046-23
骨内異物（挿入物を含む）除去術（その他の頭蓋）,150352810,K0482
骨内異物（挿入物を含む）除去術（顔面（複数切開））,150352910,K0481
難治性感染性偽関節手術（創外固定器）,150353010,K056-2
関節鏡下自家骨軟骨移植術,150353110,K059-2
関節鏡下関節内骨折観血的手術（肩）,150353210,K073-21
関節鏡下関節内骨折観血的手術（股）,150353310,K073-21
関節鏡下関節内骨折観血的手術（膝）,150353410,K073-21
関節鏡下関節内骨折観血的手術（胸鎖）,150353510,K073-22
関節鏡下関節内骨折観血的手術（肘）,150353610,K073-21
関節鏡下関節内骨折観血的手術（手）,150353710,K073-22
関節鏡下関節内骨折観血的手術（足）,150353810,K073-22
関節鏡下関節内骨折観血的手術（肩鎖）,150353910,K073-23
関節鏡下関節内骨折観血的手術（指）,150354010,K073-23
関節鏡下靱帯断裂形成手術（内側膝蓋大腿靱帯）,150354110,K079-24
肩腱板断裂手術（複雑）,150354210,K080-32
関節鏡下肩腱板断裂手術（複雑）,150354310,K080-42
手掌、足底腱膜切離・切除術（鏡視下）,150354510,K0961
手掌、足底腱膜切離・切除術（その他）,150354610,K0962
腫瘍脊椎骨全摘術,150354810,K136-2
脊椎制動術,150354910,K141-3
脊椎固定術、椎弓切除術、椎弓形成術（椎弓切除）,150355010,K1425
脊椎固定術、椎弓切除術、椎弓形成術（椎弓形成）,150355110,K1426
経皮的椎体形成術,150355210,K142-4
脳血管内手術（脳血管内ステント）,150355410,K1783
迷走神経刺激装置植込術,150355510,K181-4
迷走神経刺激装置交換術,150355610,K181-5
神経剥離術（鏡視下）,150355710,K1881
涙管チューブ挿入術（涙道内視鏡）,150355810,K2021
眼瞼内反症手術（皮膚切開法）,150355910,K2172
緑内障手術（緑内障治療用インプラント挿入術）（プレートなし）,150356010,K2684
網膜付着組織を含む硝子体切除術（眼内内視鏡）,150356110,K280-2
水晶体再建術（眼内レンズを挿入）（縫着レンズ挿入）,150356210,K2821
水晶体再建術（計画的後嚢切開を伴う）,150356310,K2823
下甲介粘膜レーザー焼灼術（両側）,150356410,K331-3
顔面多発骨折変形治癒矯正術,150356610,K434-2
下顎骨延長術（片側）,150356710,K444-21
下顎骨延長術（両側）,150356810,K444-22
胸腔鏡下試験開胸術,150356910,K488-3
胸腔鏡下試験切除術,150357010,K488-4
膿胸腔有茎大網充填術,150357110,K497-2
胸腔鏡下胸管結紮術（乳糜胸手術）,150357210,K501-3
胸腔鏡下縦隔切開術,150357310,K502-3
縦隔悪性腫瘍手術（広汎摘出）,150357410,K5042
気管・気管支ステント留置術（軟性鏡）,150357510,K508-22
気管支鏡下レーザー腫瘍焼灼術,150357610,K510-3
胸腔鏡下肺切除術（その他）,150357710,K5132
肺悪性腫瘍手術（部分切除）,150357810,K5141
肺悪性腫瘍手術（区域切除）,150357910,K5142
肺悪性腫瘍手術（肺葉切除又は１肺葉を超える）,150358010,K5143
肺悪性腫瘍手術（肺全摘）,150358110,K5144
肺悪性腫瘍手術（隣接臓器合併切除を伴う肺切除）,150358210,K5145
肺悪性腫瘍手術（気管支形成を伴う肺切除）,150317210,K5143
肺悪性腫瘍手術（気管支形成を伴う肺切除）,150358310,K5146
肺悪性腫瘍手術（気管分岐部切除を伴う肺切除）,150358410,K5147
肺悪性腫瘍手術（気管分岐部再建を伴う肺切除）,150358510,K5148
胸腔鏡下肺悪性腫瘍手術（部分切除）,150358610,K514-21
胸腔鏡下肺悪性腫瘍手術（区域切除）,150358710,K514-22
胸腔鏡下肺悪性腫瘍手術（肺葉切除又は１肺葉を超える）,150358810,K514-23
胸腔鏡下食道憩室切除術,150358910,K524-2
先天性食道狭窄症根治手術,150359010,K528-2
胸腔鏡下（腹腔鏡下を含む）横隔膜縫合術,150359110,K534-3
胸腔鏡下心膜開窓術,150359210,K539-3
経皮的冠動脈形成術（エキシマレーザー血管形成用カテーテル）,150359310,K5482
大動脈瘤切除術（上行）（人工弁置換を伴う基部置換術）,150359510,K5601
大動脈瘤切除術（上行）（自己弁温存型基部置換術）,150359610,K5601
大動脈瘤切除術（上行・弓部同時）（弁置換術又は形成術）,150359710,K5603
大動脈瘤切除術（上行・弓部同時）（人工弁置換を伴う基部置換術）,150359810,K5603
大動脈瘤切除術（上行・弓部同時）（自己弁温存型基部置換術）,150359910,K5603
植込型補助人工心臓（非拍動流型）（初日）,150360110,K604-21
植込型補助人工心臓（非拍動流型）（２日目以降３０日目まで）,150360210,K604-22
植込型補助人工心臓（非拍動流型）（３１日目以降９０日目まで）,150360310,K604-23
植込型補助人工心臓（非拍動流型）（９１日目以降）,150360410,K604-24
血管移植術、バイパス移植術（下腿、足部動脈）,150360510,K6145
血管塞栓術（頭部、胸腔、腹腔内血管等）（止血術）,150360610,K6151
血管塞栓術（頭部、胸腔、腹腔内血管等）（その他）,150360710,K6153
経皮的シャント拡張術・血栓除去術,150360810,K616-4
下肢静脈瘤血管内焼灼術,150360910,K617-4
下大静脈フィルター除去術,150361010,K620-2
腹腔鏡下骨盤内リンパ節群郭清術,150361110,K627-2
腹腔鏡下ヘルニア手術（腹壁瘢痕ヘルニア）,150361210,K633-21
腹腔鏡下ヘルニア手術（大腿ヘルニア）,150361310,K633-22
腹腔鏡下試験開腹術,150361410,K636-3
腹腔鏡下試験切除術,150361510,K636-4
腹腔鏡下汎発性腹膜炎手術,150361610,K639-3
腹腔鏡下大網、腸間膜、後腹膜腫瘍摘出術,150361710,K642-2
内視鏡的胃、十二指腸狭窄拡張術,150361810,K653-5
腹腔鏡下食道下部迷走神経切断術（幹迷切）,150361910,K659-2
腹腔鏡下胃腸吻合術,150362010,K662-2
経皮経食道胃管挿入術（ＰＴＥＧ）,150362110,K664-2
胆嚢悪性腫瘍手術（肝切除（亜区域切除以上））,150362210,K6752
内視鏡的経鼻胆管ドレナージ術（ＥＮＢＤ）,150362310,K682-3
超音波内視鏡下瘻孔形成術（腹腔内膿瘍）,150362410,K682-4
内視鏡的胆道結石除去術（その他）,150362510,K6852
肝切除術（部分切除）,150362610,K6951
肝切除術（亜区域切除）,150362710,K6952
肝切除術（外側区域切除）,150362810,K6953
肝切除術（１区域切除（外側区域切除を除く））,150362910,K6954
肝切除術（２区域切除）,150363010,K6955
肝切除術（３区域切除以上）,150363110,K6956
肝切除術（２区域切除以上で血行再建）,150363210,K6957
内視鏡的膵管ステント留置術,150363610,K708-3
腹腔鏡下小腸切除術（悪性腫瘍手術）,150363710,K716-22
全結腸・直腸切除嚢肛門吻合術,150363810,K719-5
早期悪性腫瘍大腸粘膜下層剥離術,150363910,K721-4
腹腔鏡下腸瘻、虫垂瘻造設術,150364010,K725-2
多発性小腸閉鎖症手術,150364110,K729-2
腹腔鏡下腸閉鎖症手術,150364210,K729-3
腹腔鏡下腸回転異常症手術,150364310,K734-2
下部消化管ステント留置術,150364410,K735-4
低侵襲経肛門的局所切除術（ＭＩＴＡＳ）,150364510,K739-3
腹腔鏡下直腸脱手術,150364610,K742-2
腹腔鏡下副腎悪性腫瘍手術,150364710,K756-2
腹腔鏡下腎嚢胞切除術,150364810,K770-3
腎腫瘍凝固・焼灼術（冷凍凝固）,150364910,K773-4
経尿道的尿路結石除去術（レーザー）,150365010,K7811
膀胱悪性腫瘍手術（経尿道的手術）（電解質溶液利用）,150365110,K8036
腹腔鏡下膀胱内手術,150365310,K809-3
膀胱尿管逆流症手術（治療用注入材）,150365410,K823-3
腹腔鏡下尿失禁手術,150365510,K823-4
人工尿道括約筋植込・置換術,150365610,K823-5
経尿道的レーザー前立腺切除術（ホルミウムレーザー）,150365710,K841-21
腹腔鏡下造腟術,150365810,K859-2
子宮鏡下子宮内膜焼灼術,150365910,K863-3
腹腔鏡下子宮腟上部切断術,150366010,K876-2
腹腔鏡下卵管形成術,150366110,K890-3
内視鏡的胎盤吻合血管レーザー焼灼術,150366210,K910-2
自己生体組織接着剤作成術,150366770,K924
腹腔鏡下食道静脈瘤手術（胃上部血行遮断術）,150366910,K532-3
胎児胸腔・羊水腔シャント術,150368250,K910-3
植込型骨導補聴器移植術,150368650,K328-2
植込型骨導補聴器交換術,150368750,K328-3
骨移植術（軟骨移植術を含む）（自家培養軟骨移植術）,150369450,K0594
自家培養軟骨組織採取術,150369550,K126-2
体外衝撃波膵石破砕術,150370250,K699-2
遊離皮弁術（顕微鏡下血管柄付き）（乳房再建術）,150371710,K0171
遊離皮弁術（顕微鏡下血管柄付き）（その他）,150371810,K0172
組織拡張器による再建手術（乳房（再建手術））,150371910,K0221
組織拡張器による再建手術（その他）,150372010,K0222
定位脳腫瘍生検術,150372210,K154-3
内視鏡下脳内血腫除去術,150372310,K164-5
経皮的脳血栓回収術,150372510,K178-4
空洞・くも膜下腔シャント術（脊髄空洞症）,150372610,K183-2
仙骨神経刺激装置交換術,150372810,K190-7
羊膜移植術,150372910,K260-2
緑内障手術（緑内障治療用インプラント挿入術）（プレートあり）,150373010,K2685
網膜再建術,150373110,K281-2
内視鏡下鼻・副鼻腔手術１型（副鼻腔自然口開窓術）,150373210,K340-3
内視鏡下鼻・副鼻腔手術２型（副鼻腔単洞手術）,150373310,K340-4
内視鏡下鼻・副鼻腔手術３型（選択的（複数洞）副鼻腔手術）,150373510,K340-5
内視鏡下鼻・副鼻腔手術４型（汎副鼻腔手術）,150373610,K340-6
内視鏡下鼻・副鼻腔手術５型（拡大副鼻腔手術）,150373710,K340-7
鼻外前頭洞手術,150373810,K356-2
ゲル充填人工乳房を用いた乳房再建術（乳房切除後）,150374010,K476-4
拡大胸腺摘出術,150374110,K502-4
胸腔鏡下拡大胸腺摘出術,150374210,K502-5
胸腔鏡下縦隔悪性腫瘍手術,150374310,K504-2
気管支瘻孔閉鎖術,150374410,K509-4
肺悪性腫瘍手術（胸膜肺全摘）,150374510,K5149
肺悪性腫瘍手術（胸膜肺全摘）,150336410,K5144
非開胸食道抜去術（消化管再建手術を併施）,150374610,K525-3
胸腔鏡下食道悪性腫瘍手術（頸部、胸部、腹部の操作）,150374710,K529-21
胸腔鏡下食道悪性腫瘍手術（胸部、腹部の操作）,150374810,K529-22
経皮的冠動脈形成術（急性心筋梗塞）,150374910,K5461
経皮的冠動脈形成術（不安定狭心症）,150375010,K5462
経皮的冠動脈形成術（その他）,150375110,K5463
経皮的冠動脈ステント留置術（急性心筋梗塞）,150375210,K5491
経皮的冠動脈ステント留置術（不安定狭心症）,150375310,K5492
経皮的冠動脈ステント留置術（その他）,150375410,K5493
胸腔鏡下動脈管開存閉鎖術,150376110,K562-2
肺静脈還流異常症手術（総肺静脈還流異常）（心臓型）,150376210,K5712
肺静脈還流異常症手術（総肺静脈還流異常）（その他）,150376310,K5712
血管塞栓術（頭部、胸腔、腹腔内血管等）（選択的動脈化学塞栓術）,150376810,K6152
内視鏡下下肢静脈瘤不全穿通枝切離術,150376910,K617-5
腹腔鏡下小切開骨盤内リンパ節群郭清術,150377010,K627-3
腹腔鏡下小切開後腹膜リンパ節群郭清術,150377110,K627-4
腹腔鏡下小切開後腹膜腫瘍摘出術,150377210,K642-3
腹腔鏡下小切開後腹膜悪性腫瘍手術,150377310,K643-2
腹腔鏡下胃吊上げ固定術（胃下垂症手術）,150377410,K649-2
腹腔鏡下胃捻転症手術,150377510,K649-2
腹腔鏡下胃局所切除術（内視鏡処置を併施）,150377610,K654-31
腹腔鏡下胃局所切除術（その他）,150377710,K654-32
腹腔鏡下噴門側胃切除術（単純切除術）,150377810,K655-51
腹腔鏡下噴門側胃切除術（悪性腫瘍切除術）,150377910,K655-52
腹腔鏡下胃縮小術（スリーブ状切除）,150378010,K656-2
胃瘻抜去術,150378110,K665-2
肝悪性腫瘍マイクロ波凝固法（腹腔鏡）,150378210,K697-21
肝悪性腫瘍マイクロ波凝固法（その他）,150378310,K697-22
肝悪性腫瘍ラジオ波焼灼療法（２ｃｍ以内）（腹腔鏡）,150378410,K697-31
肝悪性腫瘍ラジオ波焼灼療法（２ｃｍ以内）（その他）,150378510,K697-31
肝悪性腫瘍ラジオ波焼灼療法（２ｃｍを超える）（腹腔鏡）,150378610,K697-32
肝悪性腫瘍ラジオ波焼灼療法（２ｃｍを超える）（その他）,150378710,K697-32
腹腔鏡下副腎髄質腫瘍摘出術（褐色細胞腫）,150378910,K755-2
腹腔鏡下小切開尿管腫瘍摘出術,150379010,K785-2
腹腔鏡下小切開膀胱腫瘍摘出術,150379110,K802-4
腹腔鏡下膀胱部分切除術,150379210,K802-5
腹腔鏡下膀胱脱手術,150379310,K802-6
腹腔鏡下尿膜管摘出術,150379510,K804-2
経尿道的前立腺手術（電解質溶液利用）,150379610,K8411
経尿道的前立腺手術（その他）,150379710,K8412
腹腔鏡下子宮悪性腫瘍手術（子宮体がんに限る）,150379810,K879-2
経皮的卵巣嚢腫内容排除術,150379910,K885-2
経皮的脳血管ステント留置術,150380850,K178-5
オープン型ステントグラフト内挿術（弓部）,150381550,K560-21
オープン型ステントグラフト内挿術（上行・弓部同時、弁置換・形成）,150381650,K560-22
オープン型ステントグラフト内挿術（上行・弓部同時、弁・基部置換）,150381750,K560-22
オープン型ステントグラフト内挿術（上行・弓部同時、弁温存置換術）,150381850,K560-22
オープン型ステントグラフト内挿術（上行・弓部同時、その他）,150381950,K560-22
オープン型ステントグラフト内挿術（下行）,150382050,K560-23
気管支熱形成術,150382550,K508-3
小児補助人工心臓（初日）,150382650,K603-21
小児補助人工心臓（２日目以降３０日目まで）,150382750,K603-22
小児補助人工心臓（３１日目以降）,150382850,K603-23
内視鏡的食道悪性腫瘍光線力学療法,150382950,K526-4
植込型除細動器移植術（皮下植込型リード）,150383250,K5992
創傷処理（筋肉、臓器に達する）（長径２０ｃｍ以上）（頭頸部）,150383310,K0003
創傷処理（筋肉、臓器に達する）（長径１０ｃｍ以上）（その他）,150383410,K0003
皮膚、皮下腫瘍摘出術（露出部以外）（長径１２ｃｍ以上）,150383510,K0064
腓骨筋腱腱鞘形成術,150383610,K040-3
骨移植術（軟骨移植術を含む、同種骨移植、非生体、特殊）,150383710,K0593
骨移植術（軟骨移植術を含む、同種骨移植、非生体、その他）,150383810,K0593
骨移植術（移植用骨採取のみ、同種骨移植、非生体、その他、棘突起）,150383950,K1261
骨移植術（移植用骨採取のみ、同種骨移植、非生体、その他、腸骨翼）,150384050,K1261
骨移植術（移植用骨採取のみ、同種骨移植、非生体、その他）,150384150,K1262
関節鏡下肩関節唇形成術（腱板断裂を伴う）,150384210,K080-51
関節鏡下肩関節唇形成術（腱板断裂を伴わない）,150384310,K080-52
関節鏡下股関節唇形成術,150384410,K080-6
寛骨臼骨折観血的手術,150384510,K124-2
内視鏡下経鼻的腫瘍摘出術（下垂体腫瘍）,150384610,K171-21
内視鏡下経鼻的腫瘍摘出術（頭蓋底脳腫瘍（下垂体腫瘍を除く））,150384710,K171-22
内視鏡下鼻中隔手術１型（骨、軟骨手術）,150385210,K347-3
内視鏡下鼻中隔手術２型（粘膜手術）,150385310,K347-4
内視鏡下鼻腔手術１型（下鼻甲介手術）,150385410,K347-5
内視鏡下鼻腔手術２型（鼻腔内手術）,150385510,K347-6
内視鏡下鼻腔手術３型（鼻孔閉鎖症手術）,150385610,K347-7
顎関節授動術（徒手的授動術）（関節腔洗浄療法を併用）,150385910,K4461
内視鏡下甲状腺部分切除、腺腫摘出術（片葉のみ）,150386010,K461-21
内視鏡下甲状腺部分切除、腺腫摘出術（両葉）,150386110,K461-22
内視鏡下バセドウ甲状腺全摘（亜全摘）術（両葉）,150386210,K462-2
内視鏡下副甲状腺（上皮小体）腺腫過形成手術,150386310,K464-2
乳腺悪性腫瘍手術（乳輪温存乳房切除術（腋窩郭清を伴わない））,150386410,K4768
乳腺悪性腫瘍手術（乳輪温存乳房切除術（腋窩郭清を伴う））,150386510,K4769
肺悪性腫瘍手術（壁側・臓側胸膜全切除、横隔膜心膜合併切除を伴う）,150386610,K51410
胸腔鏡下先天性食道閉鎖症根治手術,150386710,K528-3
内視鏡下筋層切開術,150387110,K530-3
経カテーテル大動脈弁置換術（経心尖大動脈弁置換術）,150387210,K555-21
経カテーテル大動脈弁置換術（経皮的大動脈弁置換術）,150387310,K555-22
植込型除細動器移植術（経静脈リード）,150387410,K5991
経静脈電極抜去術（レーザーシースを用いる）,150387510,K599-51
経静脈電極抜去術（レーザーシースを用いない）,150387610,K599-52
骨格筋由来細胞シート心表面移植術,150387710,K605-5
血管移植術、バイパス移植術（膝窩動脈）,150387810,K6146
経皮的血管内異物除去術,150387910,K616-5
腹腔鏡下ヘルニア手術（半月状線ヘルニア、白線ヘルニア）,150388010,K633-23
腹腔鏡下ヘルニア手術（臍ヘルニア）,150388110,K633-24
腹腔鏡下ヘルニア手術（閉鎖孔ヘルニア）,150388210,K633-25
腹腔鏡下総胆管拡張症手術,150388310,K674-2
胆管悪性腫瘍手術（膵頭十二指腸切除及び肝切除（葉以上）を伴う）,150388410,K6771
胆管悪性腫瘍手術（その他）,150388510,K6772
腹腔鏡下肝切除術（亜区域切除）,150388710,K695-23
腹腔鏡下肝切除術（１区域切除（外側区域切除を除く））,150388810,K695-24
腹腔鏡下肝切除術（２区域切除）,150388910,K695-25
腹腔鏡下肝切除術（３区域切除以上）,150389010,K695-26
膵腫瘍摘出術,150389110,K700-2
腹腔鏡下膵体尾部腫瘍切除術（脾同時切除）,150389210,K702-21
腹腔鏡下膵体尾部腫瘍切除術（脾温存）,150389310,K702-22
腹腔鏡下膵頭十二指腸切除術,150389410,K703-2
腹腔鏡下腸重積症整復術,150389510,K715-2
腹腔鏡下人工肛門造設術,150389610,K726-2
直腸脱手術（経会陰）（腸管切除を伴わない）,150389710,K7421
直腸脱手術（経会陰）（腸管切除を伴う）,150389810,K7421
腹腔鏡下腎悪性腫瘍手術（内視鏡手術用支援機器を用いる）,150389910,K773-5
経尿道的腎盂尿管凝固止血術,150390010,K781-3
腹腔鏡下前立腺悪性腫瘍手術（内視鏡手術用支援機器を用いる）,150390310,K843-4
腹腔鏡下仙骨腟固定術,150390410,K865-2
希釈式自己血輸血（６歳以上）,150390610,K9205
希釈式自己血輸血（６歳未満）,150390710,K9205
皮膚採取（培養用、筋肉等に達する、長径５ｃｍ未満）,150391350,K0001
皮膚採取（培養用、筋肉等に達する、長径５ｃｍ以上１０ｃｍ未満）,150391450,K0002
皮膚採取（培養用、筋肉等に達する、長径２０ｃｍ以上、頭頸部）,150391550,K0003
皮膚採取（培養用、筋肉等に達する、長径１０ｃｍ以上、その他）,150391650,K0003
皮膚採取（培養用、筋肉等に達しない、長径５ｃｍ未満）,150391750,K0004
皮膚採取（培養用、筋肉等に達しない、長径５ｃｍ以上１０ｃｍ未満）,150391850,K0005
皮膚採取（培養用、筋肉等に達しない、長径１０ｃｍ以上）,150391950,K0006
骨移植術（自家骨又は非生体同種骨移植と人工骨移植の併施、特殊）,150392050,K0593
骨移植術（自家骨又は非生体同種骨移植と人工骨移植の併施、その他）,150392150,K0593
骨移植術（移植用骨採取のみ、同種骨移植、非生体、特殊、棘突起）,150392250,K1261
骨移植術（移植用骨採取のみ、同種骨移植、非生体、特殊、腸骨翼）,150392350,K1261
骨移植術（移植用骨採取のみ、同種骨移植、非生体、特殊、その他）,150392450,K1262
骨格筋採取（筋肉等に達する、長径５ｃｍ未満）,150392550,K0001
骨格筋採取（筋肉等に達する、長径５ｃｍ以上１０ｃｍ未満）,150392650,K0002
骨格筋採取（筋肉等に達する、長径２０ｃｍ以上、頭頸部）,150392750,K0003
骨格筋採取（筋肉等に達する、長径１０ｃｍ以上、その他）,150392850,K0003
骨格筋採取（筋肉等に達しない、長径５ｃｍ未満）,150392950,K0004
骨格筋採取（筋肉等に達しない、長径５ｃｍ以上１０ｃｍ未満）,150393050,K0005
骨格筋採取（筋肉等に達しない、長径１０ｃｍ以上）,150393150,K0006
小児皮膚採取（培養用、筋肉等に達する、２．５ｃｍ未満）,150393250,K000-21
小児皮膚採取（培養用、筋肉等に達する、２．５ｃｍ～５ｃｍ未満）,150393350,K000-22
小児皮膚採取（培養用、筋肉等に達する、５ｃｍ～１０ｃｍ未満）,150393450,K000-23
小児皮膚採取（培養用、筋肉等に達する、１０ｃｍ以上）,150393550,K000-24
小児皮膚採取（培養用、筋肉等に達しない、２．５ｃｍ未満）,150393650,K000-25
小児皮膚採取（培養用、筋肉等に達しない、２．５ｃｍ～５ｃｍ未満）,150393750,K000-26
小児皮膚採取（培養用、筋肉等に達しない、５ｃｍ～１０ｃｍ未満）,150393850,K000-27
小児皮膚採取（培養用、筋肉等に達しない、１０ｃｍ以上）,150393950,K000-28
小児骨格筋採取（筋肉等に達する、長径２．５ｃｍ未満）,150394050,K000-21
小児骨格筋採取（筋肉等に達する、長径２．５ｃｍ～５ｃｍ未満）,150394150,K000-22
小児骨格筋採取（筋肉等に達する、長径５ｃｍ～１０ｃｍ未満）,150394250,K000-23
小児骨格筋採取（筋肉等に達する、長径１０ｃｍ以上）,150394350,K000-24
小児骨格筋採取（筋肉等に達しない、長径２．５ｃｍ未満）,150394450,K000-25
小児骨格筋採取（筋肉等に達しない、長径２．５ｃｍ～５ｃｍ未満）,150394550,K000-26
小児骨格筋採取（筋肉等に達しない、長径５ｃｍ～１０ｃｍ未満）,150394650,K000-27
小児骨格筋採取（筋肉等に達しない、長径１０ｃｍ以上）,150394750,K000-28
人工中耳植込術,150394850,K320-2
薬剤投与用胃瘻造設術,150394950,K664-3
緑内障手術（水晶体再建術併用眼内ドレーン挿入術）,150395150,K2686
ペースメーカー移植術（リードレスペースメーカー）,150395350,K5973
経皮的循環補助法（ポンプカテーテルを使用）（初日）,150395450,K602-21
経皮的循環補助法（ポンプカテーテルを使用）（２日目以降）,150395550,K602-22
一時的創外固定骨折治療術,150395810,K046-3
肩甲関節周囲沈着石灰摘出術（観血的）,150395910,K060-21
肩甲関節周囲沈着石灰摘出術（関節鏡下）,150396010,K060-22
関節鏡下関節授動術（肩）,150396110,K076-21
関節鏡下関節授動術（股）,150396210,K076-21
関節鏡下関節授動術（膝）,150396310,K076-21
関節鏡下関節授動術（胸鎖）,150396410,K076-22
関節鏡下関節授動術（肘）,150396510,K076-22
関節鏡下関節授動術（手）,150396610,K076-22
関節鏡下関節授動術（足）,150396710,K076-22
関節鏡下関節授動術（肩鎖）,150396810,K076-23
関節鏡下関節授動術（指）,150396910,K076-23
自家肋骨肋軟骨関節全置換術,150397010,K082-4
後縦靱帯骨化症手術（前方進入）,150397110,K133-2
内視鏡下椎弓形成術,150397210,K142-5
歯突起骨折骨接合術,150397310,K142-6
腰椎分離部修復術,150397410,K142-7
後頭蓋窩減圧術,150397510,K149-2
神経再生誘導術（指）,150397710,K182-31
神経再生誘導術（その他）,150397810,K182-32
硬膜外腔癒着剥離術,150397910,K188-2
脊髄刺激装置植込術（脊髄刺激電極を留置）,150398010,K1901
脊髄刺激装置植込術（ジェネレーターを留置）,150398110,K1902
脊髄刺激装置交換術,150291510,K190-2
脊髄刺激装置交換術,150398210,K190-2
仙骨神経刺激装置植込術（脊髄刺激電極を留置）,150398310,K190-61
仙骨神経刺激装置植込術（ジェネレーターを留置）,150398410,K190-62
鼓室形成手術（耳小骨温存術）,150398510,K3191
鼓室形成手術（耳小骨再建術）,150398610,K3192
喉頭形成手術（甲状軟骨固定用器具使用）,150398710,K4003
内視鏡下甲状腺悪性腫瘍手術（切除）,150398810,K463-21
内視鏡下甲状腺悪性腫瘍手術（全摘及び亜全摘）,150398910,K463-22
乳腺腫瘍画像ガイド下吸引術（マンモグラフィー又は超音波装置）,150399010,K474-31
乳腺腫瘍画像ガイド下吸引術（ＭＲＩ）,150399110,K474-32
食道縫合術（穿孔、損傷）（内視鏡）,150399310,K5204
硬性内視鏡下食道異物摘出術,150399410,K523-2
腹腔鏡下食道憩室切除術,150399510,K524-3
縦隔鏡下食道悪性腫瘍手術,150399610,K529-3
胸腔鏡下弁形成術（１弁）,150399710,K554-21
胸腔鏡下弁形成術（２弁）,150399810,K554-22
胸腔鏡下弁置換術（１弁）,150399910,K555-31
胸腔鏡下弁置換術（２弁）,150400010,K555-32
経皮的僧帽弁クリップ術,150400310,K559-3
ステントグラフト内挿術（血管損傷）,150400410,K5611
肺静脈隔離術,150400510,K594-2
末梢動静脈瘻造設術（静脈転位を伴う）,150400610,K6121
末梢動静脈瘻造設術（その他）,150400710,K6122
内視鏡下胃、十二指腸穿孔瘻孔閉鎖術,150400810,K647-3
胃瘻閉鎖術（開腹）,150400910,K6651
胃瘻閉鎖術（内視鏡）,150401010,K6652
バルーン閉塞下逆行性経静脈的塞栓術,150401110,K668-2
腹腔鏡下胆道閉鎖症手術,150401210,K684-2
経皮経肝バルーン拡張術,150401310,K689-2
腹腔鏡下膵腫瘍摘出術,150401510,K700-3
移植用部分小腸採取術（生体）,150401610,K716-3
生体部分小腸移植術,150401710,K716-4
移植用小腸採取術（死体）,150401910,K716-5
同種死体小腸移植術,150402010,K716-6
小腸瘻閉鎖術（内視鏡）,150402110,K7303
結腸瘻閉鎖術（内視鏡）,150402210,K7313
腸管延長術,150402310,K735-5
直腸瘤手術,150402610,K741-2
痔核手術（脱肛を含む）（根治手術（硬化療法）を伴う）,150402710,K7435
腎（腎盂）腸瘻閉鎖術（内視鏡）,150402810,K7771
腎（腎盂）腸瘻閉鎖術（その他）,150402910,K7772
尿管腸瘻閉鎖術（内視鏡）,150403110,K7921
尿管腸瘻閉鎖術（その他）,150403210,K7922
腹腔鏡下膀胱悪性腫瘍手術（全摘、腸管等利用し尿路変更なし）,150403310,K803-21
腹腔鏡下膀胱悪性腫瘍手術（全摘、回腸結腸導管利用し尿路変更あり）,150403410,K803-22
腹腔鏡下膀胱悪性腫瘍手術（全摘、代用膀胱利用し尿路変更あり）,150403510,K803-23
腹腔鏡下小切開膀胱悪性腫瘍手術（全摘、腸管等利用尿路変更なし）,150403610,K803-31
腹腔鏡下小切開膀胱悪性腫瘍手術（全摘、回腸等利用尿路変更あり）,150403710,K803-32
腹腔鏡下小切開膀胱悪性腫瘍手術（全摘、代用膀胱利用尿路変更あり）,150403810,K803-33
膀胱皮膚瘻造設術,150403910,K805-2
導尿路造設術,150404010,K805-3
膀胱腸瘻閉鎖術（内視鏡）,150404110,K8081
膀胱腸瘻閉鎖術（その他）,150404210,K8082
顕微鏡下精索静脈瘤手術,150404310,K834-3
経尿道的前立腺核出術,150404410,K841-5
腟腸瘻閉鎖術（内視鏡）,150404510,K8581
腟腸瘻閉鎖術（その他）,150404610,K8582
流産手術（妊娠１１週まで）（手動真空吸引法）,150404710,K9091
流産手術（妊娠１１週まで）（その他）,150404810,K9091
術中術後自己血回収術（濃縮及び洗浄）,150405210,K9231
術中術後自己血回収術（濾過）,150405310,K9232
自己クリオプレシピテート作製術,150405410,K924-2
乳房切除術（性同一性障害）,150405810,K475
胸腔鏡下縦隔悪性腫瘍手術（内視鏡手術用支援機器使用）,150405910,K504-2
胸腔鏡下良性縦隔腫瘍手術（内視鏡手術用支援機器使用）,150406010,K513-2
胸腔鏡下肺悪性腫瘍手術（肺葉切除、１肺葉超・手術用支援機器使用）,150406110,K514-23
胸腔鏡下食道悪性腫瘍手術（頸、胸、腹部操作・手術用支援機器使用）,150406210,K529-21
胸腔鏡下食道悪性腫瘍手術（胸部、腹部の操作・手術用支援機器使用）,150406310,K529-22
胸腔鏡下弁形成術（１弁）（内視鏡手術用支援機器使用）,150406410,K554-21
胸腔鏡下弁形成術（２弁）（内視鏡手術用支援機器使用）,150406510,K554-22
腹腔鏡下胃切除術（単純切除術）（内視鏡手術用支援機器使用）,150406610,K655-21
腹腔鏡下胃切除術（悪性腫瘍手術）（内視鏡手術用支援機器使用）,150406710,K655-22
腹腔鏡下噴門側胃切除術（単純切除術）（内視鏡手術用支援機器使用）,150406810,K655-51
腹腔鏡下噴門側胃切除術（悪性腫瘍切除術・手術用支援機器使用）,150406910,K655-52
腹腔鏡下胃全摘術（単純全摘術）（内視鏡手術用支援機器使用）,150407010,K657-21
腹腔鏡下胃全摘術（悪性腫瘍手術）（内視鏡手術用支援機器使用）,150407110,K657-22
腹腔鏡下直腸切除・切断術（切除術）（内視鏡手術用支援機器使用）,150407210,K740-21
腹腔鏡下直腸切除・切断術（低位前方切除術・手術用支援機器使用）,150407310,K740-22
腹腔鏡下直腸切除・切断術（切断術）（内視鏡手術用支援機器使用）,150407410,K740-23
腹腔鏡下膀胱悪性腫瘍手術（腸管等利用し尿路変更なし・通則１８）,150407510,K803-21
腹腔鏡下膀胱悪性腫瘍手術（回腸等導管利用尿路変更あり・通則１８）,150407610,K803-22
腹腔鏡下膀胱悪性腫瘍手術（代用膀胱利用し尿路変更あり・通則１８）,150407710,K803-23
尿道形成手術（前部尿道）（性同一性障害）,150407810,K8181
尿道下裂形成手術（性同一性障害）,150407910,K819
陰茎形成術（性同一性障害）,150408010,K819-2
陰茎全摘術（性同一性障害）,150408110,K825
精巣摘出術（性同一性障害）,150408210,K830
会陰形成手術（筋層に及ばない）（性同一性障害）,150408310,K8511
造腟術（遊離植皮）（性同一性障害）,150408410,K8592
腟閉鎖症術（遊離植皮）（性同一性障害）,150408510,K8592
造腟術（腸管形成）（性同一性障害）,150408610,K8594
腟閉鎖症術（腸管形成）（性同一性障害）,150408710,K8594
造腟術（筋皮弁移植）（性同一性障害）,150408810,K8595
腟閉鎖症術（筋皮弁移植）（性同一性障害）,150408910,K8595
子宮全摘術（性同一性障害）,150409010,K877
腹腔鏡下腟式子宮全摘術（性同一性障害）,150409110,K877-2
腹腔鏡下腟式子宮全摘術（内視鏡手術用支援機器使用）,150409210,K877-2
腹腔鏡下子宮悪性腫瘍手術（子宮体がんに限る・手術用支援機器使用）,150409310,K879-2
子宮附属器腫瘍摘出術（両側）（開腹）（性同一性障害）,150409410,K8881
子宮附属器腫瘍摘出術（両側）（腹腔鏡）（性同一性障害）,150409510,K8882
胃瘻閉鎖術（腹腔鏡）,150409610,K6651
腹腔鏡下腟式子宮全摘術（性同一性障害・内視鏡手術用支援機器使用）,150409710,K877-2
腹腔鏡下子宮悪性腫瘍手術（子宮頸がんに限る）,150409810,K879-2
内視鏡的膵嚢胞瘻孔造設（経胃又は経十二指腸）,150409950,K6861
腹部開放創用局所陰圧閉鎖キット交換（長径５ｃｍ未満）,150410050,K0009
腹部開放創用局所陰圧閉鎖キット交換（長径５ｃｍ以上１０ｃｍ未満）,150410150,K00010
腹部開放創用局所陰圧閉鎖キット交換（長径１０ｃｍ以上）,150410250,K00011
無心体双胎に対するラジオ波焼灼術,150410350,K910-21
末梢血単核球採取（チサゲンレクルユーセル投与予定）,150410450,K9212
チサゲンレクルユーセルの投与,150410550,K9222
脊椎固定術、椎弓切除術、椎弓形成術（頸椎人工椎間板置換術）,150410650,K1429
横隔神経電気刺激装置植込術,,
左心耳永久閉鎖術,,
トラフェルミン（遺伝子組換え）を用いた鼓膜穿孔閉鎖,,
経皮的卵円孔開存閉鎖術,,
大伏在静脈閉塞術,,
放射線治療用合成吸収性材料留置,,
冠動脈内血栓溶解療法,160107550,K550
